Text,Label,Language
du bist ein verdammtes arschloch,Harmful,German
deine mutter ist eine billige schlampe,Harmful,German
dein vater ist ein hurensohn,Harmful,German
du kleiner wichser halt die fresse,Harmful,German
du bist ein fettes st√ºck schei√üe,Harmful,German
ich pisse auf deine dumme fresse,Harmful,German
du stinkst wie kacke du bastard,Harmful,German
deine freundin ist eine dreckige nutte,Harmful,German
du dummer pisser verschwinde einfach,Harmful,German
dein gesicht sieht aus wie hackfresse,Harmful,German
geh zur√ºck in das loch aus dem du gekrochen bist du fotze,Harmful,German
ich schei√ü auf deinen arsch,Harmful,German
du bist ein h√§sslicher kleiner l√ºmel,Harmful,German
deine schwester ist ein billiges flittchen,Harmful,German
du bist so dumm wie ein popel,Harmful,German
deine familie ist ein haufen schei√üer,Harmful,German
ich ficke auf deine meinung,Harmful,German
du bist nur ein kleiner schwanzlutscher,Harmful,German
geh wichsen du penner,Harmful,German
deine mutter saugt wie eine m√∂se,Harmful,German
ich schei√ü auf deinen orgasmus,Harmful,German
du bist ein l√§cherlicher vollpfosten,Harmful,German
geh pinkeln bevor du hier redest du depp,Harmful,German
deine fresse erinnert mich an eine rosette,Harmful,German
du bist so widerlich wie eine kackwurst,Harmful,German
halt dein dreckiges maul du pimmel,Harmful,German
ich hoffe du erstickst an deinem eigenen popel,Harmful,German
deine freundin bumst jeden in der stadt,Harmful,German
deine eltern sind nur ein fehler der natur,Harmful,German
du bist so nutzlos wie ein poppen im regen,Harmful,German
deine mutter lutscht schwanz f√ºr kleingeld,Harmful,German
ich wichse lieber als dir zuzuh√∂ren,Harmful,German
dein ganzes leben ist ein porno f√ºr verlierer,Harmful,German
du bist ein dreckiger kleiner fickkopf,Harmful,German
deine freundin hat m√∂pse wie gummi,Harmful,German
du bist einfach nur ein st√ºck schei√üe,Harmful,German
deine schwester bumst f√ºr einen d√∂ner,Harmful,German
du bist ein trauriges wichsendes arschloch,Harmful,German
deine ganze familie stinkt nach pisse,Harmful,German
du bist ein kleiner schwanz mit beinen,Harmful,German
ich pinkel auf dein grab,Harmful,German
dein gesicht sieht aus wie eine verbrannte m√∂se,Harmful,German
ich hoffe du erstickst an deinem eigenen sperma,Harmful,German
du bist ein stinkender wixerischer versager,Harmful,German
deine mutter bumst f√ºr eine zigarette,Harmful,German
du bist so nackt wie dein hirn,Harmful,German
deine schwester macht es jedem f√ºr geld,Harmful,German
du bist ein erb√§rmlicher schwanzlutscher,Harmful,German
dein kopf ist leer wie ein pornodrehbuch,Harmful,German
deine ganze familie ist m√ºll,Harmful,German
ich w√ºnsche dir einen sch√∂nen tag,Non-Harmful,German
das wetter ist heute sehr sch√∂n,Non-Harmful,German
ich trinke gerne kaffee am morgen,Non-Harmful,German
meine familie liebt ausfl√ºge ins gr√ºne,Non-Harmful,German
ich lese gerne b√ºcher in meiner freizeit,Non-Harmful,German
kinder sind unsere zukunft,Non-Harmful,German
ich h√∂re gerne ruhige musik,Non-Harmful,German
sie hat eine sehr nette stimme,Non-Harmful,German
ich esse am liebsten pizza,Non-Harmful,German
der himmel ist heute besonders blau,Non-Harmful,German
ich liebe es durch den park zu spazieren,Non-Harmful,German
sport h√§lt den k√∂rper gesund,Non-Harmful,German
ich schaue mir gerne filme an,Non-Harmful,German
ich mag tiere besonders katzen,Non-Harmful,German
freunde machen das leben sch√∂ner,Non-Harmful,German
ich trinke jeden morgen tee,Non-Harmful,German
meine oma backt die besten kuchen,Non-Harmful,German
ich gehe gerne schwimmen,Non-Harmful,German
lesen bildet den geist,Non-Harmful,German
ich liebe den duft von frischem brot,Non-Harmful,German
musik macht gl√ºcklich,Non-Harmful,German
ich lerne gerne neue sprachen,Non-Harmful,German
saubere luft ist wichtig f√ºr die gesundheit,Non-Harmful,German
blumen machen jeden raum sch√∂ner,Non-Harmful,German
ein l√§cheln kostet nichts,Non-Harmful,German
ich besuche gerne museen,Non-Harmful,German
das meer hat eine beruhigende wirkung,Non-Harmful,German
ich mag spazierg√§nge im wald,Non-Harmful,German
ich genie√üe meinen urlaub am see,Non-Harmful,German
ich schreibe gerne geschichten,Non-Harmful,German
kinderlachen macht mich gl√ºcklich,Non-Harmful,German
ich liebe es neue st√§dte zu entdecken,Non-Harmful,German
eine tasse kaffee macht den morgen besser,Non-Harmful,German
ich male gerne in meiner freizeit,Non-Harmful,German
ich freue mich auf den fr√ºhling,Non-Harmful,German
kuchen schmeckt immer gut,Non-Harmful,German
ich spiele gerne gesellschaftsspiele,Non-Harmful,German
b√ºcher sind gute freunde,Non-Harmful,German
ich finde sonnenunterg√§nge wundersch√∂n,Non-Harmful,German
ich mag ruhige abende zu hause,Non-Harmful,German
ich h√∂re gerne klassische musik,Non-Harmful,German
ich sch√§tze gute gespr√§che mit freunden,Non-Harmful,German
ich gehe gern ins theater,Non-Harmful,German
ich koche gerne neue rezepte,Non-Harmful,German
ich finde freundlichkeit sehr wichtig,Non-Harmful,German
ich genie√üe ein gutes essen mit der familie,Non-Harmful,German
ich mag es im garten zu arbeiten,Non-Harmful,German
ich liebe den geruch von frisch gem√§htem gras,Non-Harmful,German
ich mag lange fahrradtouren,Non-Harmful,German
ich freue mich immer auf neue abenteuer,Non-Harmful,German
gc,Harmful,English
girls cup,Harmful,English
acrotomophilia,Harmful,English
alabama hot pocket,Harmful,English
alaskan pipeline,Harmful,English
anal,Harmful,English
anilingus,Harmful,English
anus,Harmful,English
apeshit,Harmful,English
arsehole,Harmful,English
ass,Harmful,English
asshole,Harmful,English
assmunch,Harmful,English
auto erotic,Harmful,English
autoerotic,Harmful,English
babeland,Harmful,English
baby batter,Harmful,English
baby juice,Harmful,English
ball gag,Harmful,English
ball gravy,Harmful,English
ball kicking,Harmful,English
ball licking,Harmful,English
ball sack,Harmful,English
ball sucking,Harmful,English
bangbros,Harmful,English
bangbus,Harmful,English
bareback,Harmful,English
barely legal,Harmful,English
barenaked,Harmful,English
bastard,Harmful,English
bastardo,Harmful,English
bastinado,Harmful,English
bbw,Harmful,English
bdsm,Harmful,English
beaner,Harmful,English
beaners,Harmful,English
beaver cleaver,Harmful,English
beaver lips,Harmful,English
beastiality,Harmful,English
bestiality,Harmful,English
big black,Harmful,English
big breasts,Harmful,English
big knockers,Harmful,English
big tits,Harmful,English
bimbos,Harmful,English
birdlock,Harmful,English
bitch,Harmful,English
bitches,Harmful,English
black cock,Harmful,English
blonde action,Harmful,English
blonde on blonde action,Harmful,English
blowjob,Harmful,English
blow job,Harmful,English
blow your load,Harmful,English
blue waffle,Harmful,English
blumpkin,Harmful,English
bollocks,Harmful,English
bondage,Harmful,English
boner,Harmful,English
boob,Harmful,English
boobs,Harmful,English
booty call,Harmful,English
brown showers,Harmful,English
brunette action,Harmful,English
bukkake,Harmful,English
bulldyke,Harmful,English
bullet vibe,Harmful,English
bullshit,Harmful,English
bung hole,Harmful,English
bunghole,Harmful,English
busty,Harmful,English
butt,Harmful,English
buttcheeks,Harmful,English
butthole,Harmful,English
camel toe,Harmful,English
camgirl,Harmful,English
camslut,Harmful,English
camwhore,Harmful,English
carpet muncher,Harmful,English
carpetmuncher,Harmful,English
chocolate rosebuds,Harmful,English
cialis,Harmful,English
circlejerk,Harmful,English
cleveland steamer,Harmful,English
clit,Harmful,English
clitoris,Harmful,English
clover clamps,Harmful,English
clusterfuck,Harmful,English
cock,Harmful,English
cocks,Harmful,English
coprolagnia,Harmful,English
coprophilia,Harmful,English
cornhole,Harmful,English
coon,Harmful,English
coons,Harmful,English
creampie,Harmful,English
cum,Harmful,English
cumming,Harmful,English
cumshot,Harmful,English
cumshots,Harmful,English
cunnilingus,Harmful,English
cunt,Harmful,English
darkie,Harmful,English
date rape,Harmful,English
daterape,Harmful,English
deep throat,Harmful,English
deepthroat,Harmful,English
dendrophilia,Harmful,English
dick,Harmful,English
dildo,Harmful,English
dingleberry,Harmful,English
dingleberries,Harmful,English
dirty pillows,Harmful,English
dirty sanchez,Harmful,English
doggie style,Harmful,English
doggiestyle,Harmful,English
doggy style,Harmful,English
doggystyle,Harmful,English
dog style,Harmful,English
dolcett,Harmful,English
domination,Harmful,English
dominatrix,Harmful,English
dommes,Harmful,English
donkey punch,Harmful,English
double dong,Harmful,English
double penetration,Harmful,English
dp action,Harmful,English
dry hump,Harmful,English
dvda,Harmful,English
eat my ass,Harmful,English
ecchi,Harmful,English
ejaculation,Harmful,English
erotic,Harmful,English
erotism,Harmful,English
escort,Harmful,English
eunuch,Harmful,English
fag,Harmful,English
faggot,Harmful,English
fecal,Harmful,English
felch,Harmful,English
fellatio,Harmful,English
feltch,Harmful,English
female squirting,Harmful,English
femdom,Harmful,English
figging,Harmful,English
fingerbang,Harmful,English
fingering,Harmful,English
fisting,Harmful,English
foot fetish,Harmful,English
footjob,Harmful,English
frotting,Harmful,English
fuck,Harmful,English
fuck buttons,Harmful,English
fuckin,Harmful,English
fucking,Harmful,English
fucktards,Harmful,English
fudge packer,Harmful,English
fudgepacker,Harmful,English
futanari,Harmful,English
gangbang,Harmful,English
gang bang,Harmful,English
gay sex,Harmful,English
genitals,Harmful,English
giant cock,Harmful,English
girl on,Harmful,English
girl on top,Harmful,English
girls gone wild,Harmful,English
goatcx,Harmful,English
goatse,Harmful,English
god damn,Harmful,English
gokkun,Harmful,English
golden shower,Harmful,English
goodpoop,Harmful,English
goo girl,Harmful,English
goregasm,Harmful,English
grope,Harmful,English
group sex,Harmful,English
gspot,Harmful,English
guro,Harmful,English
hand job,Harmful,English
handjob,Harmful,English
hard core,Harmful,English
hardcore,Harmful,English
hentai,Harmful,English
homoerotic,Harmful,English
honkey,Harmful,English
hooker,Harmful,English
horny,Harmful,English
hot carl,Harmful,English
hot chick,Harmful,English
how to kill,Harmful,English
how to murder,Harmful,English
huge fat,Harmful,English
humping,Harmful,English
incest,Harmful,English
intercourse,Harmful,English
jack off,Harmful,English
jail bait,Harmful,English
jailbait,Harmful,English
jelly donut,Harmful,English
jerk off,Harmful,English
jigaboo,Harmful,English
jiggaboo,Harmful,English
jiggerboo,Harmful,English
jizz,Harmful,English
juggs,Harmful,English
kike,Harmful,English
kinbaku,Harmful,English
kinkster,Harmful,English
kinky,Harmful,English
knobbing,Harmful,English
leather restraint,Harmful,English
leather straight jacket,Harmful,English
lemon party,Harmful,English
livesex,Harmful,English
lolita,Harmful,English
lovemaking,Harmful,English
make me come,Harmful,English
male squirting,Harmful,English
masturbate,Harmful,English
masturbating,Harmful,English
masturbation,Harmful,English
menage a trois,Harmful,English
milf,Harmful,English
missionary position,Harmful,English
mong,Harmful,English
motherfucker,Harmful,English
mound of venus,Harmful,English
mr hands,Harmful,English
muff diver,Harmful,English
muffdiving,Harmful,English
nambla,Harmful,English
nawashi,Harmful,English
negro,Harmful,English
neonazi,Harmful,English
nigga,Harmful,English
nigger,Harmful,English
nig nog,Harmful,English
nimphomania,Harmful,English
nipple,Harmful,English
nipples,Harmful,English
nsfw,Harmful,English
nsfw images,Harmful,English
nude,Harmful,English
nudity,Harmful,English
nutten,Harmful,English
nympho,Harmful,English
nymphomania,Harmful,English
octopussy,Harmful,English
omorashi,Harmful,English
one cup two girls,Harmful,English
one guy one jar,Harmful,English
orgasm,Harmful,English
orgy,Harmful,English
paedophile,Harmful,English
paki,Harmful,English
panties,Harmful,English
panty,Harmful,English
pedobear,Harmful,English
pedophile,Harmful,English
pegging,Harmful,English
penis,Harmful,English
phone sex,Harmful,English
piece of shit,Harmful,English
pikey,Harmful,English
pissing,Harmful,English
piss pig,Harmful,English
pisspig,Harmful,English
playboy,Harmful,English
pleasure chest,Harmful,English
pole smoker,Harmful,English
ponyplay,Harmful,English
poof,Harmful,English
poon,Harmful,English
poontang,Harmful,English
punany,Harmful,English
poop chute,Harmful,English
poopchute,Harmful,English
porn,Harmful,English
porno,Harmful,English
pornography,Harmful,English
prince albert piercing,Harmful,English
pthc,Harmful,English
pubes,Harmful,English
pussy,Harmful,English
queaf,Harmful,English
queef,Harmful,English
quim,Harmful,English
raghead,Harmful,English
raging boner,Harmful,English
rape,Harmful,English
raping,Harmful,English
rapist,Harmful,English
rectum,Harmful,English
reverse cowgirl,Harmful,English
rimjob,Harmful,English
rimming,Harmful,English
rosy palm,Harmful,English
rosy palm and her sisters,Harmful,English
rusty trombone,Harmful,English
sadism,Harmful,English
santorum,Harmful,English
scat,Harmful,English
schlong,Harmful,English
scissoring,Harmful,English
semen,Harmful,English
sex,Harmful,English
sexcam,Harmful,English
sexo,Harmful,English
sexy,Harmful,English
sexual,Harmful,English
sexually,Harmful,English
sexuality,Harmful,English
shaved beaver,Harmful,English
shaved pussy,Harmful,English
shemale,Harmful,English
shibari,Harmful,English
shit,Harmful,English
shitblimp,Harmful,English
shitty,Harmful,English
shota,Harmful,English
shrimping,Harmful,English
skeet,Harmful,English
slanteye,Harmful,English
slut,Harmful,English
sm,Harmful,English
smut,Harmful,English
snatch,Harmful,English
snowballing,Harmful,English
sodomize,Harmful,English
sodomy,Harmful,English
spastic,Harmful,English
spic,Harmful,English
splooge,Harmful,English
splooge moose,Harmful,English
spooge,Harmful,English
spread legs,Harmful,English
spunk,Harmful,English
strap on,Harmful,English
strapon,Harmful,English
strappado,Harmful,English
strip club,Harmful,English
style doggy,Harmful,English
suck,Harmful,English
sucks,Harmful,English
suicide girls,Harmful,English
sultry women,Harmful,English
swastika,Harmful,English
swinger,Harmful,English
tainted love,Harmful,English
taste my,Harmful,English
tea bagging,Harmful,English
threesome,Harmful,English
throating,Harmful,English
thumbzilla,Harmful,English
tied up,Harmful,English
tight white,Harmful,English
tit,Harmful,English
tits,Harmful,English
titties,Harmful,English
titty,Harmful,English
tongue in a,Harmful,English
topless,Harmful,English
tosser,Harmful,English
towelhead,Harmful,English
tranny,Harmful,English
tribadism,Harmful,English
tub girl,Harmful,English
tubgirl,Harmful,English
tushy,Harmful,English
twat,Harmful,English
twink,Harmful,English
twinkie,Harmful,English
two girls one cup,Harmful,English
undressing,Harmful,English
upskirt,Harmful,English
urethra play,Harmful,English
urophilia,Harmful,English
vagina,Harmful,English
venus mound,Harmful,English
viagra,Harmful,English
vibrator,Harmful,English
violet wand,Harmful,English
vorarephilia,Harmful,English
voyeur,Harmful,English
voyeurweb,Harmful,English
voyuer,Harmful,English
vulva,Harmful,English
wank,Harmful,English
wetback,Harmful,English
wet dream,Harmful,English
white power,Harmful,English
whore,Harmful,English
worldsex,Harmful,English
wrapping men,Harmful,English
wrinkled starfish,Harmful,English
xx,Harmful,English
xxx,Harmful,English
yaoi,Harmful,English
yellow showers,Harmful,English
yiffy,Harmful,English
zoophilia,Harmful,English
üñïfool,Harmful,English
stupid,Harmful,English
dumb,Harmful,English
idiot,Harmful,English
nonsense,Harmful,English
useless,Harmful,English
failure,Harmful,English
worthless,Harmful,English
waste of space,Harmful,English
nobody cares,Harmful,English
you are nothing,Harmful,English
pathetic,Harmful,English
loser,Harmful,English
get lost,Harmful,English
you are disgusting,Harmful,English
no one likes you,Harmful,English
shame on you,Harmful,English
you make no sense,Harmful,English
stop talking nonsense,Harmful,English
you cant do anything right,Harmful,English
you are annoying,Harmful,English
what a joke,Harmful,English
you are weak,Harmful,English
your brain doesnt work,Harmful,English
nobody needs you,Harmful,English
just shut up,Harmful,English
you are a pain,Harmful,English
dumbass,Harmful,English
youre such a mess,Harmful,English
youre always wrong,Harmful,English
cant you do anything right,Harmful,English
you ruin everything,Harmful,English
how are you doing today,Non-Harmful,English
i hope you have a great day ahead,Non-Harmful,English
please let me know if you need any help,Non-Harmful,English
its a beautiful morning isnt it,Non-Harmful,English
i enjoy reading books on weekends,Non-Harmful,English
lets meet for coffee sometime soon,Non-Harmful,English
thank you for your kind support,Non-Harmful,English
she is a very talented artist,Non-Harmful,English
he works hard to achieve his goals,Non-Harmful,English
i appreciate your hard work,Non-Harmful,English
can you please share the details with me,Non-Harmful,English
it‚Äôs important to stay positive in life,Non-Harmful,English
always be kind to others,Non-Harmful,English
i love spending time with my family,Non-Harmful,English
they are planning a vacation next month,Non-Harmful,English
congratulations on your achievement,Non-Harmful,English
i enjoy listening to music in my free time,Non-Harmful,English
lets go for a walk this evening,Non-Harmful,English
i like learning new things every day,Non-Harmful,English
the weather is pleasant today,Non-Harmful,English
reading helps improve vocabulary,Non-Harmful,English
i prefer tea over coffee,Non-Harmful,English
exercise is important for good health,Non-Harmful,English
he is a great team player,Non-Harmful,English
i am learning how to cook new recipes,Non-Harmful,English
traveling opens your mind to new ideas,Non-Harmful,English
she is very polite and humble,Non-Harmful,English
thank you for inviting me to the event,Non-Harmful,English
its nice to meet new people,Non-Harmful,English
they organized a wonderful event,Non-Harmful,English
i admire your dedication,Non-Harmful,English
let‚Äôs discuss this during our meeting,Non-Harmful,English
i enjoy working in a calm environment,Non-Harmful,English
the children are playing happily,Non-Harmful,English
i am grateful for this opportunity,Non-Harmful,English
success comes with patience and effort,Non-Harmful,English
she gave a fantastic presentation,Non-Harmful,English
i love spending time in nature,Non-Harmful,English
cleanliness is very important,Non-Harmful,English
he offered help without being asked,Non-Harmful,English
i like painting during my free time,Non-Harmful,English
books are a great source of knowledge,Non-Harmful,English
fresh air is good for health,Non-Harmful,English
thank you for your time,Non-Harmful,English
i respect your opinion,Non-Harmful,English
it‚Äôs nice to share good news,Non-Harmful,English
she smiled warmly at everyone,Non-Harmful,English
i enjoy peaceful mornings,Non-Harmful,English
we should treat everyone equally,Non-Harmful,English
positive thoughts bring happiness,Non-Harmful,English
helping others is a noble act,Non-Harmful,English
i believe in hard work and honesty,Non-Harmful,English
i admire your creativity,Non-Harmful,English
keep up the good work,Non-Harmful,English
he is always punctual,Non-Harmful,English
she has a lovely singing voice,Non-Harmful,English
i enjoy writing in my journal,Non-Harmful,English
kind words can brighten someones day,Non-Harmful,English
lets plant more trees,Non-Harmful,English
i‚Äôm proud of your efforts,Non-Harmful,English
they welcomed us warmly,Non-Harmful,English
life is full of beautiful moments,Non-Harmful,English
please take care of yourself,Non-Harmful,English
i enjoy cooking meals for my family,Non-Harmful,English
the sunset looks beautiful today,Non-Harmful,English
i appreciate your feedback,Non-Harmful,English
she makes delicious desserts,Non-Harmful,English
i love animals and nature,Non-Harmful,English
he is a very responsible person,Non-Harmful,English
good communication builds trust,Non-Harmful,English
i enjoy learning about different cultures,Non-Harmful,English
staying calm solves many problems,Non-Harmful,English
they celebrated with great joy,Non-Harmful,English
laughter is the best medicine,Non-Harmful,English
i am happy to help you,Non-Harmful,English
please stay safe and healthy,Non-Harmful,English
she loves gardening in her free time,Non-Harmful,English
the park is clean and green,Non-Harmful,English
reading newspapers keeps you informed,Non-Harmful,English
i admire your honesty,Non-Harmful,English
i enjoy watching motivational videos,Non-Harmful,English
he is very respectful towards others,Non-Harmful,English
the library is a quiet place to study,Non-Harmful,English
i love spending weekends with my family,Non-Harmful,English
music can uplift your mood,Non-Harmful,English
fresh flowers make me happy,Non-Harmful,English
i like keeping my workspace tidy,Non-Harmful,English
she encourages others to do well,Non-Harmful,English
let‚Äôs work together as a team,Non-Harmful,English
a smile spreads positivity,Non-Harmful,English
healthy food keeps us fit,Non-Harmful,English
traveling teaches us valuable lessons,Non-Harmful,English
i enjoy learning new languages,Non-Harmful,English
it‚Äôs nice to express gratitude,Non-Harmful,English
good habits shape our future,Non-Harmful,English
she reads bedtime stories to her kids,Non-Harmful,English
i love watching the stars at night,Non-Harmful,English
respecting elders is important,Non-Harmful,English
i am excited for the upcoming holiday,Non-Harmful,English
happiness grows when we share iti hope you are doing well,Non-Harmful,English
that‚Äôs a great achievement,Non-Harmful,English
i respect your dedication,Non-Harmful,English
keep going you are doing amazing,Non-Harmful,English
thank you for your encouragement,Non-Harmful,English
i really appreciate your kindness,Non-Harmful,English
i‚Äôm grateful to have friends like you,Non-Harmful,English
this was really helpful thank you,Non-Harmful,English
you handled that situation well,Non-Harmful,English
stay positive and keep smiling,Non-Harmful,English
you are a wonderful person,Non-Harmful,English
thank you for being understanding,Non-Harmful,English
your efforts truly inspire me,Non-Harmful,English
wishing you all the best,Non-Harmful,English
your work is always appreciated,Non-Harmful,English
thank you for your patience,Non-Harmful,English
you make everyone feel welcome,Non-Harmful,English
i am glad to know you,Non-Harmful,English
keep shining bright,Non-Harmful,English
i love your positive attitude,Non-Harmful,English
‡§§‡•Ç ‡§ï‡§ø‡§§‡§®‡§æ ‡§¨‡§°‡§º‡§æ ‡§≠‡•ã‡§∏‡§°‡§º‡•Ä ‡§ï‡•á ‡§π‡•ã ‡§ó‡§Ø‡§æ ‡§π‡•à‡•§,Harmful,Hindi
‡§§‡•Å‡§ù‡§∏‡•á ‡§¨‡§æ‡§§ ‡§ï‡§∞‡§®‡•á ‡§ï‡§æ ‡§ï‡•ã‡§à ‡§´‡§æ‡§Ø‡§¶‡§æ ‡§®‡§π‡•Ä‡§Ç ‡§¨‡•á‡§π‡•á‡§®‡§ö‡•ã‡§¶‡•§,Harmful,Hindi
‡§π‡§∞ ‡§µ‡§ï‡•ç‡§§ ‡§≤‡§Ç‡§° ‡§ï‡•Ä ‡§§‡§∞‡§π ‡§ñ‡§°‡§º‡§æ ‡§∞‡§π‡§§‡§æ ‡§π‡•à‡•§,Harmful,Hindi
‡§§‡•Ç ‡§ñ‡•Å‡§¶ ‡§ï‡•ã ‡§ï‡•ç‡§Ø‡§æ ‡§∏‡§Æ‡§ù‡§§‡§æ ‡§π‡•à ‡§≠‡§°‡§µ‡•á,Harmful,Hindi
‡§§‡•á‡§∞‡•Ä ‡§∏‡•ã‡§ö ‡§§‡•ã ‡§™‡•Ç‡§∞‡•Ä ‡§ö‡•Ç‡§§‡§ø‡§Ø‡•á ‡§ú‡•à‡§∏‡•Ä ‡§π‡•à‡•§,Harmful,Hindi
‡§§‡•á‡§∞‡•Ä ‡§∂‡§ï‡•ç‡§≤ ‡§¶‡•á‡§ñ‡§ï‡§∞ ‡§ó‡§æ‡§Ç‡§° ‡§´‡§ü ‡§ó‡§à‡•§,Harmful,Hindi
‡§§‡•Ç ‡§∏‡§æ‡§≤‡§æ ‡§π‡§∞‡§æ‡§Æ‡•Ä ‡§®‡§ø‡§ï‡§≤‡§æ‡•§,Harmful,Hindi
‡§§‡•Å‡§ù ‡§ú‡•à‡§∏‡•á ‡§≠‡§Ç‡§ó‡•Ä ‡§ï‡•ã ‡§ï‡•å‡§® ‡§™‡•Ç‡§õ‡§§‡§æ ‡§π‡•à‡•§,Harmful,Hindi
‡§§‡•á‡§∞‡•Ä ‡§π‡§∞‡§ï‡§§‡•á‡§Ç ‡§∏‡•Å‡§Ö‡§∞ ‡§ï‡•Ä ‡§î‡§≤‡§æ‡§¶ ‡§ú‡•à‡§∏‡•Ä ‡§π‡•à‡§Ç‡•§,Harmful,Hindi
‡§§‡•á‡§∞‡•Ä ‡§î‡§ï‡§æ‡§§ ‡§®‡§π‡•Ä‡§Ç ‡§π‡•à ‡§Æ‡§æ‡§¶‡§∞‡§ö‡•ã‡§¶‡•§,Harmful,Hindi
‡§§‡•Å‡§ù‡•á ‡§¶‡•á‡§ñ‡§ï‡§∞ ‡§≤‡§ó‡§§‡§æ ‡§π‡•à ‡§π‡§ø‡§ú‡§°‡§º‡•á ‡§ú‡•à‡§∏‡§æ‡•§,Harmful,Hindi
‡§§‡•Ç ‡§π‡§Æ‡•á‡§∂‡§æ ‡§ù‡§æ‡§Ç‡§ü ‡§ï‡•á ‡§¨‡§æ‡§≤ ‡§ï‡•Ä ‡§§‡§∞‡§π ‡§¨‡•Ä‡§ö ‡§Æ‡•á‡§Ç ‡§Ü‡§§‡§æ ‡§π‡•à‡•§,Harmful,Hindi
‡§§‡•á‡§∞‡•Ä ‡§Ö‡§ï‡•ç‡§≤ ‡§™‡•Ç‡§∞‡•Ä ‡§§‡§∞‡§π ‡§ó‡§æ‡§Ç‡§°‡§Æ‡§∏‡•ç‡§§‡•Ä ‡§Æ‡•á‡§Ç ‡§π‡•à‡•§,Harmful,Hindi
‡§§‡•Ç ‡§¶‡§ø‡§ñ‡§®‡•á ‡§Æ‡•á‡§Ç ‡§≠‡•Ä ‡§≠‡§°‡§µ‡§æ ‡§≤‡§ó‡§§‡§æ ‡§π‡•à‡•§,Harmful,Hindi
‡§§‡•Å‡§ù‡•á ‡§§‡•ã ‡§≠‡•Ç‡§§‡§®‡•Ä ‡§ï‡•á ‡§™‡§ï‡§°‡§º ‡§≤‡•á‡•§,Harmful,Hindi
‡§§‡•Ç ‡§∏‡§æ‡§≤‡§æ ‡§ï‡§Æ‡•Ä‡§®‡§æ ‡§á‡§Ç‡§∏‡§æ‡§® ‡§π‡•à‡•§,Harmful,Hindi
‡§§‡•á‡§∞‡•Ä ‡§¨‡§æ‡§§‡•ã‡§Ç ‡§∏‡•á ‡§§‡§§‡•ç‡§§‡•á ‡§ú‡§≤ ‡§ú‡§æ‡§§‡•á ‡§π‡•à‡§Ç‡•§,Harmful,Hindi
‡§§‡•Ç ‡§§‡•ã ‡§≤‡§Ç‡§° ‡§ï‡§æ ‡§ü‡•Å‡§ï‡§°‡§º‡§æ ‡§π‡•à‡•§,Harmful,Hindi
‡§§‡•Ç ‡§π‡§Æ‡•á‡§∂‡§æ ‡§ö‡•Ç‡§§ ‡§ï‡•Ä ‡§§‡§∞‡§π ‡§ö‡•Å‡§™ ‡§∞‡§π‡§§‡§æ ‡§π‡•à‡•§,Harmful,Hindi
‡§§‡•á‡§∞‡•á ‡§ú‡•à‡§∏‡•á ‡§ó‡•Å‡§ö‡•ç‡§ö‡•Ä ‡§ï‡•ã ‡§ï‡•ã‡§à ‡§™‡§∏‡§Ç‡§¶ ‡§®‡§π‡•Ä‡§Ç ‡§ï‡§∞‡§§‡§æ‡•§,Harmful,Hindi
‡§§‡•á‡§∞‡•á ‡§ú‡•à‡§∏‡§æ ‡§∞‡§Ç‡§°‡•Ä ‡§¨‡§æ‡§ú‡§º‡§æ‡§∞ ‡§Æ‡•á‡§Ç ‡§Æ‡§ø‡§≤‡•á‡§ó‡§æ‡•§,Harmful,Hindi
‡§§‡•á‡§∞‡•Ä ‡§π‡§∞‡§ï‡§§‡•á‡§Ç ‡§ö‡•Å‡§§‡§°‡§º ‡§ú‡•à‡§∏‡•Ä ‡§π‡•à‡§Ç‡•§,Harmful,Hindi
‡§§‡•Ç ‡§™‡•Ç‡§∞‡§æ ‡§™‡§æ‡§ï‡•Ä ‡§ú‡•à‡§∏‡§æ ‡§π‡§∞‡§ï‡§§ ‡§ï‡§∞‡§§‡§æ ‡§π‡•à‡•§,Harmful,Hindi
‡§§‡•á‡§∞‡•Ä ‡§Æ‡§æ‡§Ç ‡§ï‡•Ä ‡§ö‡•Ç‡§§ ‡§Æ‡•á‡§Ç ‡§ú‡§æ‡•§,Harmful,Hindi
‡§§‡•Å‡§ù‡§∏‡•á ‡§ú‡•ç‡§Ø‡§æ‡§¶‡§æ ‡§ó‡§Ç‡§¶‡§æ ‡§ï‡•ã‡§à ‡§≠‡•ã‡§∏‡§°‡§º‡§æ‡§™ ‡§®‡§π‡•Ä‡§Ç ‡§π‡•à‡•§,Harmful,Hindi
‡§§‡•á‡§∞‡•á ‡§ú‡•à‡§∏‡•á ‡§ó‡§Ç‡§°‡•Ç ‡§ï‡•Ä ‡§ï‡•ã‡§à ‡§á‡§ú‡•ç‡§ú‡§§ ‡§®‡§π‡•Ä‡§Ç‡•§,Harmful,Hindi
‡§§‡•Ç ‡§π‡§Æ‡•á‡§∂‡§æ ‡§Æ‡•Å‡§†‡•ç‡§† ‡§Æ‡§æ‡§∞‡§®‡•á ‡§Æ‡•á‡§Ç ‡§≤‡§ó‡§æ ‡§∞‡§π‡§§‡§æ ‡§π‡•à‡•§,Harmful,Hindi
‡§§‡•á‡§∞‡•á ‡§ú‡•à‡§∏‡•á ‡§ï‡•Å‡§§‡•ç‡§§‡•á ‡§ï‡•Ä ‡§î‡§≤‡§æ‡§¶ ‡§ï‡•Ä ‡§¨‡§æ‡§§ ‡§®‡§π‡•Ä‡§Ç ‡§∏‡•Å‡§®‡§§‡§æ ‡§ï‡•ã‡§à‡•§,Harmful,Hindi
‡§§‡•Ç ‡§∏‡§æ‡§≤‡§æ ‡§∞‡§æ‡§Ç‡§° ‡§ï‡•Ä ‡§î‡§≤‡§æ‡§¶ ‡§π‡•à‡•§,Harmful,Hindi
‡§§‡•á‡§∞‡•Ä ‡§∂‡§ï‡•ç‡§≤ ‡§≠‡•ã‡§∏‡§°‡§º‡•Ä ‡§ï‡•á ‡§ú‡•à‡§∏‡•Ä ‡§π‡•à‡•§,Harmful,Hindi
‡§§‡•á‡§∞‡§æ ‡§¶‡§ø‡§Æ‡§æ‡§ó ‡§®‡§ú‡§æ‡§Ø‡§ú ‡§î‡§≤‡§æ‡§¶ ‡§ú‡•à‡§∏‡§æ ‡§π‡•à‡•§,Harmful,Hindi
‡§§‡•á‡§∞‡§æ ‡§π‡§∞ ‡§ï‡§¶‡§Æ ‡§∏‡•Å‡§Ö‡§∞ ‡§ï‡•á ‡§≤‡§Ç‡§° ‡§ú‡•à‡§∏‡§æ ‡§ó‡§Ç‡§¶‡§æ ‡§π‡•à‡•§,Harmful,Hindi
‡§§‡•Å‡§ù‡•á ‡§¶‡•á‡§ñ‡§ï‡§∞ ‡§ò‡§∏‡•ç‡§∏‡•á ‡§ö‡§¢‡§º‡§§‡•á ‡§π‡•à‡§Ç‡•§,Harmful,Hindi
‡§§‡•á‡§∞‡•á ‡§ú‡•à‡§∏‡•á ‡§ö‡§Æ‡§ö‡•á ‡§ï‡•Ä ‡§ï‡•ã‡§à ‡§á‡§ú‡•ç‡§ú‡§§ ‡§®‡§π‡•Ä‡§Ç‡•§,Harmful,Hindi
‡§§‡•Ç ‡§π‡§∞ ‡§µ‡§ï‡•ç‡§§ ‡§≤‡§Ç‡§°‡§ü‡•Ç‡§™‡•Ä ‡§ú‡•à‡§∏‡§æ ‡§∞‡§π‡§§‡§æ ‡§π‡•à‡•§,Harmful,Hindi
‡§§‡•á‡§∞‡•Ä ‡§Æ‡§æ‡§Ç ‡§ï‡•Ä ‡§≠‡•ã‡§∏‡§°‡§º‡•Ä ‡§´‡§æ‡§°‡§º ‡§¶‡•Ç‡§Å‡§ó‡§æ‡•§,Harmful,Hindi
‡§§‡•á‡§∞‡•á ‡§ú‡•à‡§∏‡•á ‡§†‡§∞‡§ï‡•Ä ‡§∏‡•á ‡§ï‡•å‡§® ‡§¶‡•ã‡§∏‡•ç‡§§‡•Ä ‡§ï‡§∞‡•á‡§ó‡§æ‡•§,Harmful,Hindi
‡§§‡•Ç ‡§∏‡§ø‡§∞‡•ç‡§´ ‡§≤‡•ã‡§°‡•Ç ‡§π‡•à‡•§,Harmful,Hindi
‡§§‡•á‡§∞‡•á ‡§ú‡•à‡§∏‡§æ ‡§ù‡§æ‡§Ç‡§ü‡•Å ‡§¨‡§π‡•Å‡§§ ‡§¶‡•á‡§ñ‡§æ ‡§Æ‡•à‡§Ç‡§®‡•á‡•§,Harmful,Hindi
‡§§‡•Ç ‡§π‡§∞ ‡§µ‡§ï‡•ç‡§§ ‡§Æ‡§æ‡§≤ ‡§Æ‡•á‡§Ç ‡§ò‡•Å‡§∏‡§æ ‡§∞‡§π‡§§‡§æ ‡§π‡•à‡•§,Harmful,Hindi
‡§§‡•á‡§∞‡•Ä ‡§¨‡§æ‡§§‡•á‡§Ç ‡§∏‡§ø‡§∞‡•ç‡§´ ‡§∏‡§æ‡§≤‡•Ä ‡§∞‡§Ç‡§°‡•Ä ‡§ú‡•à‡§∏‡•Ä ‡§≤‡§ó‡§§‡•Ä ‡§π‡•à‡§Ç‡•§,Harmful,Hindi
‡§§‡•Ç ‡§≤‡§Ç‡§° ‡§ñ‡§ú‡•Ç‡§∞ ‡§ú‡•à‡§∏‡§æ ‡§¶‡§ø‡§ñ‡§§‡§æ ‡§π‡•à‡•§,Harmful,Hindi
‡§§‡•á‡§∞‡•Ä ‡§∏‡•ã‡§ö ‡§¨‡§ø‡§≤‡•ç‡§ï‡•Å‡§≤ ‡§Æ‡•Ç‡§∞‡•ç‡§ñ ‡§ú‡•à‡§∏‡•Ä ‡§π‡•à‡•§,Harmful,Hindi
‡§§‡•Å‡§ù‡•á ‡§¶‡•á‡§ñ‡§ï‡§∞ ‡§π‡§∞ ‡§ï‡•ã‡§à ‡§¨‡•ã‡§≤‡•á‡§ó‡§æ ‡§ó‡§∏‡•ç‡§§‡•Ä‡•§,Harmful,Hindi
‡§§‡•á‡§∞‡•Ä ‡§∏‡•ã‡§ö ‡§ó‡§æ‡§Ç‡§°‡§´‡§æ‡§°‡§º ‡§ú‡•à‡§∏‡•Ä ‡§ó‡§Ç‡§¶‡•Ä ‡§π‡•à‡•§,Harmful,Hindi
‡§§‡•Ç ‡§≠‡•ã‡§∏‡§°‡§º‡•Ä ‡§ú‡•à‡§∏‡•Ä ‡§¨‡§æ‡§§‡•á‡§Ç ‡§ï‡§∞‡§§‡§æ ‡§π‡•à‡•§,Harmful,Hindi
‡§§‡•á‡§∞‡§æ ‡§Æ‡•Å‡§Ç‡§π ‡§ö‡•Ç‡§ö‡•Ä ‡§ú‡•à‡§∏‡§æ ‡§¶‡§ø‡§ñ‡§§‡§æ ‡§π‡•à‡•§,Harmful,Hindi
‡§§‡•Ç ‡§™‡•Ç‡§∞‡§æ ‡§≠‡§°‡§º‡§µ‡§æ ‡§®‡§ø‡§ï‡§≤ ‡§ó‡§Ø‡§æ‡•§,Harmful,Hindi
‡§§‡•á‡§∞‡•Ä ‡§∂‡§ï‡•ç‡§≤ ‡§¶‡•á‡§ñ ‡§≠‡•ã‡§∏‡§°‡§º‡•Ä ‡§ï‡•á ‡§Ø‡§æ‡§¶ ‡§Ü ‡§ú‡§æ‡§§‡•Ä ‡§π‡•à‡•§,Harmful,Hindi
‡§§‡•á‡§∞‡•á ‡§ú‡•à‡§∏‡•á ‡§∏‡§æ‡§≤‡§æ ‡§ï‡•Å‡§§‡•ç‡§§‡§æ ‡§π‡§∞ ‡§ó‡§≤‡•Ä ‡§Æ‡•á‡§Ç ‡§≠‡•å‡§Ç‡§ï‡§§‡§æ ‡§π‡•à‡•§,Harmful,Hindi
‡§§‡•á‡§∞‡§æ ‡§¶‡§ø‡§Æ‡§æ‡§ó ‡§™‡•Ç‡§∞‡§æ ‡§≠‡•ã‡§∏‡§°‡§º‡•Ä ‡§ï‡•á ‡§ò‡§æ‡§∏ ‡§ö‡§∞‡§®‡•á ‡§ó‡§Ø‡§æ ‡§π‡•à‡•§,Harmful,Hindi
‡§∏‡§æ‡§≤‡•á ‡§≠‡§°‡§µ‡•á ‡§§‡•Å‡§ù‡§∏‡•á ‡§¨‡§æ‡§§ ‡§ï‡§∞‡§ï‡•á ‡§π‡•Ä ‡§ó‡•Å‡§∏‡•ç‡§∏‡§æ ‡§Ü ‡§ú‡§æ‡§§‡§æ ‡§π‡•à‡•§,Harmful,Hindi
‡§§‡•Å‡§ù ‡§ú‡•à‡§∏‡•á ‡§≤‡§Ç‡§° ‡§ö‡•Ç‡§∏ ‡§ï‡§∞‡§®‡•á ‡§µ‡§æ‡§≤‡•á ‡§∏‡•á ‡§ï‡•ã‡§à ‡§â‡§Æ‡•ç‡§Æ‡•Ä‡§¶ ‡§®‡§π‡•Ä‡§Ç‡•§,Harmful,Hindi
‡§§‡•Ç ‡§§‡•ã ‡§è‡§ï ‡§®‡§Ç‡§¨‡§∞ ‡§ï‡§æ ‡§ó‡§æ‡§Ç‡§° ‡§´‡§æ‡§°‡§º‡•Ç ‡§á‡§Ç‡§∏‡§æ‡§® ‡§π‡•à‡•§,Harmful,Hindi
‡§§‡•á‡§∞‡•Ä ‡§î‡§ï‡§æ‡§§ ‡§®‡§π‡•Ä‡§Ç ‡§¨‡•á‡§π‡•á‡§®‡§ö‡•ã‡§¶‡•§,Harmful,Hindi
‡§§‡•á‡§∞‡•á ‡§ú‡•à‡§∏‡§æ ‡§≠‡§Ç‡§ó‡•Ä ‡§á‡§Ç‡§∏‡§æ‡§® ‡§ï‡§ø‡§∏‡•Ä ‡§ï‡§æ‡§Æ ‡§ï‡§æ ‡§®‡§π‡•Ä‡§Ç‡•§,Harmful,Hindi
‡§ö‡•Ç‡§§‡§ø‡§Ø‡•á ‡§§‡•á‡§∞‡•Ä ‡§∏‡•ã‡§ö ‡§ï‡§æ ‡§á‡§≤‡§æ‡§ú ‡§®‡§π‡•Ä‡§Ç‡•§,Harmful,Hindi
‡§§‡•á‡§∞‡•á ‡§ú‡•à‡§∏‡§æ ‡§ó‡•Å‡§ö‡•ç‡§ö‡•Å ‡§π‡§∞ ‡§ú‡§ó‡§π ‡§¨‡§¶‡§®‡§æ‡§Æ ‡§π‡•à‡•§,Harmful,Hindi
‡§§‡•Å‡§ù‡•á ‡§≠‡•Ç‡§§‡§®‡•Ä ‡§ï‡•á ‡§™‡§ï‡§°‡§º ‡§ï‡•á ‡§™‡•Ä‡§ü‡•á‡§ó‡•Ä‡•§,Harmful,Hindi
‡§§‡•á‡§∞‡§æ ‡§ï‡§æ‡§Æ ‡§π‡•Ä ‡§π‡•à ‡§∞‡§æ‡§Ç‡§° ‡§ú‡•à‡§∏‡•Ä ‡§π‡§∞‡§ï‡§§‡•á‡§Ç ‡§ï‡§∞‡§®‡§æ‡•§,Harmful,Hindi
‡§§‡•á‡§∞‡•á ‡§ú‡•à‡§∏‡§æ ‡§∏‡•Å‡§Ö‡§∞ ‡§ï‡•á ‡§≤‡§Ç‡§° ‡§ï‡§æ ‡§¨‡§ö‡•ç‡§ö‡§æ ‡§ï‡§≠‡•Ä ‡§∏‡•Å‡§ß‡§∞‡•á‡§ó‡§æ ‡§®‡§π‡•Ä‡§Ç‡•§,Harmful,Hindi
‡§∏‡§æ‡§≤‡•á ‡§ó‡§æ‡§Ç‡§°‡•Ç ‡§§‡•á‡§∞‡•á ‡§ú‡•à‡§∏‡§æ ‡§ï‡•ã‡§à ‡§®‡§π‡•Ä‡§Ç ‡§¶‡•á‡§ñ‡§æ‡•§,Harmful,Hindi
‡§§‡•á‡§∞‡•á ‡§ú‡•à‡§∏‡•á ‡§≠‡•ã‡§∏‡§°‡§º‡•Ä ‡§ï‡•á ‡§ï‡•Ä ‡§∂‡§ï‡•ç‡§≤ ‡§¶‡•á‡§ñ‡§§‡•á ‡§π‡•Ä ‡§â‡§≤‡•ç‡§ü‡•Ä ‡§Ü ‡§ú‡§æ‡§è‡•§,Harmful,Hindi
‡§§‡•Å ‡§ï‡•ç‡§Ø‡§æ ‡§ù‡§æ‡§Ç‡§ü ‡§ï‡•á ‡§ï‡•Ä‡§°‡§º‡•á ‡§ú‡•à‡§∏‡§æ ‡§™‡•à‡§¶‡§æ ‡§π‡•Å‡§Ü ‡§π‡•à,Harmful,Hindi
‡§§‡•Å‡§ù‡•á ‡§§‡•ã ‡§π‡§µ‡§∏ ‡§ï‡•á ‡§™‡•Å‡§ú‡§æ‡§∞‡•Ä ‡§π‡•Ä ‡§ï‡§π ‡§∏‡§ï‡§§‡•á ‡§π‡•à‡§Ç‡•§,Harmful,Hindi
‡§§‡•á‡§∞‡•Ä ‡§¨‡§æ‡§§‡•á‡§Ç ‡§∏‡•Å‡§®‡§ï‡§∞ ‡§≤‡§ó‡§§‡§æ ‡§π‡•à ‡§ï‡§Æ‡•Ä‡§®‡§æ ‡§π‡•Ä ‡§π‡•à‡•§,Harmful,Hindi
‡§§‡•Ç ‡§Æ‡§æ‡§¶‡§∞‡§ö‡•ã‡§¶ ‡§Ö‡§™‡§®‡•Ä ‡§î‡§ï‡§æ‡§§ ‡§≠‡•Ç‡§≤ ‡§ó‡§Ø‡§æ ‡§π‡•à‡•§,Harmful,Hindi
‡§§‡•á‡§∞‡§æ ‡§ö‡•á‡§π‡§∞‡§æ ‡§¶‡•á‡§ñ ‡§ï‡•á ‡§Æ‡•Å‡§§‡•ç‡§•‡§≤ ‡§ú‡•à‡§∏‡•Ä ‡§´‡•Ä‡§≤‡§ø‡§Ç‡§ó ‡§Ü‡§§‡•Ä ‡§π‡•à‡•§,Harmful,Hindi
‡§§‡•Å‡§ù‡§∏‡•á ‡§ó‡§Ç‡§¶‡•Ä ‡§ö‡•Ç‡§ö‡•Ä ‡§ï‡•ã‡§à ‡§®‡§π‡•Ä‡§Ç‡•§,Harmful,Hindi
‡§§‡•á‡§∞‡§æ ‡§Æ‡•Ç‡§Ç‡§π ‡§¶‡•á‡§ñ‡§ï‡§∞ ‡§π‡•Ä ‡§≤‡§Ç‡§° ‡§ñ‡§ú‡•Ç‡§∞ ‡§Ø‡§æ‡§¶ ‡§Ü ‡§ó‡§Ø‡§æ‡•§,Harmful,Hindi
‡§§‡•Ç ‡§∏‡§æ‡§≤‡§æ ‡§ï‡•Å‡§§‡•ç‡§§‡§æ ‡§ï‡§Æ‡•Ä‡§®‡§æ ‡§π‡•à‡•§,Harmful,Hindi
‡§§‡•á‡§∞‡•á ‡§ú‡•à‡§∏‡•Ä ‡§ò‡§∏‡•ç‡§∏‡•Ä ‡§π‡§∞ ‡§ú‡§ó‡§π ‡§π‡•ã‡§§‡•Ä ‡§π‡•à‡•§,Harmful,Hindi
‡§§‡•Å‡§ù‡§∏‡•á ‡§¨‡§æ‡§§ ‡§ï‡§∞‡§®‡§æ ‡§≠‡•ã‡§∏‡§°‡§º‡•Ä ‡§ï‡•á ‡§ú‡•à‡§∏‡§æ ‡§ü‡§æ‡§á‡§Æ ‡§µ‡•á‡§∏‡•ç‡§ü ‡§π‡•à‡•§,Harmful,Hindi
‡§§‡•á‡§∞‡•á ‡§ú‡•à‡§∏‡•á ‡§ù‡§æ‡§Ç‡§ü‡•Å ‡§ï‡•ã ‡§ï‡•ã‡§à ‡§ï‡§æ‡§Æ ‡§®‡§π‡•Ä‡§Ç ‡§¶‡•á‡§§‡§æ‡•§,Harmful,Hindi
‡§∏‡§æ‡§≤‡•á ‡§∏‡•Å‡§Ö‡§∞ ‡§ï‡•Ä ‡§î‡§≤‡§æ‡§¶ ‡§§‡•Å‡§ù‡•á ‡§∂‡§∞‡•ç‡§Æ ‡§®‡§π‡•Ä‡§Ç ‡§Ü‡§§‡•Ä,Harmful,Hindi
‡§§‡•á‡§∞‡•Ä ‡§≠‡•ã‡§∏‡§°‡§º‡•Ä ‡§Æ‡•á‡§Ç ‡§¶‡§Æ ‡§®‡§π‡•Ä‡§Ç ‡§π‡•à‡•§,Harmful,Hindi
‡§§‡•Å‡§ù‡•á ‡§≤‡§Ç‡§° ‡§ï‡•á ‡§¨‡§ï‡•ç‡§ï‡§≤ ‡§Æ‡•á‡§Ç ‡§¨‡§Ç‡§¶ ‡§ï‡§∞ ‡§¶‡•á‡§®‡§æ ‡§ö‡§æ‡§π‡§ø‡§è‡•§,Harmful,Hindi
‡§§‡•á‡§∞‡•á ‡§ú‡•à‡§∏‡§æ ‡§π‡§ø‡§ú‡§°‡§º‡§æ ‡§Æ‡§∞‡•ç‡§¶ ‡§¨‡§®‡§ï‡•á ‡§ï‡•ç‡§Ø‡§æ ‡§ï‡§∞‡•á‡§ó‡§æ,Harmful,Hindi
‡§∏‡§æ‡§≤‡•á ‡§π‡§∞‡§æ‡§Æ‡•Ä ‡§§‡•Å‡§ù‡•á ‡§§‡§Æ‡•Ä‡§ú ‡§∏‡§ø‡§ñ‡§æ‡§®‡•Ä ‡§™‡§°‡§º‡•á‡§ó‡•Ä‡•§,Harmful,Hindi
‡§§‡•á‡§∞‡•Ä ‡§î‡§ï‡§æ‡§§ ‡§™‡§æ‡§ï‡•Ä ‡§ú‡•à‡§∏‡•Ä ‡§π‡•à‡•§,Harmful,Hindi
‡§§‡•Å ‡§Æ‡§æ‡§≤ ‡§ï‡•á ‡§™‡•Ä‡§õ‡•á ‡§≠‡§æ‡§ó‡§§‡§æ ‡§π‡•Ä ‡§∞‡§π‡§§‡§æ ‡§π‡•à‡•§,Harmful,Hindi
‡§§‡•á‡§∞‡•á ‡§ú‡•à‡§∏‡•á ‡§≠‡•ã‡§∏‡§°‡§º‡•Ä ‡§ï‡•á ‡§ï‡•á ‡§∏‡§æ‡§• ‡§ï‡•å‡§® ‡§∞‡§π‡•á‡§ó‡§æ‡•§,Harmful,Hindi
‡§§‡•á‡§∞‡•Ä ‡§∂‡§ï‡•ç‡§≤ ‡§¶‡•á‡§ñ‡§ï‡§∞ ‡§∞‡§Ç‡§°‡•Ä ‡§∞‡•ã‡§®‡§æ ‡§Ü ‡§ú‡§æ‡§è‡•§,Harmful,Hindi
‡§§‡•Å ‡§∏‡§æ‡§≤‡§æ ‡§ï‡•Å‡§§‡•ç‡§§‡•á ‡§ï‡•Ä ‡§ú‡§æ‡§§ ‡§ï‡§æ ‡§π‡•à‡•§,Harmful,Hindi
‡§§‡•á‡§∞‡•á ‡§ú‡•à‡§∏‡•Ä ‡§≠‡§°‡§µ‡§æ‡§ó‡§ø‡§∞‡•Ä ‡§¶‡•Å‡§®‡§ø‡§Ø‡§æ ‡§Æ‡•á‡§Ç ‡§®‡§π‡•Ä‡§Ç ‡§Æ‡§ø‡§≤‡•á‡§ó‡•Ä‡•§,Harmful,Hindi
‡§§‡•Ç ‡§§‡•ã ‡§≤‡§Ç‡§° ‡§ü‡•ã‡§™‡§ø ‡§™‡§π‡§® ‡§ï‡•á ‡§ò‡•Ç‡§Æ‡§§‡§æ ‡§π‡•à‡•§,Harmful,Hindi
‡§§‡•á‡§∞‡•Ä ‡§Æ‡§æ‡§Å ‡§ï‡•Ä ‡§ö‡•Ç‡§§ ‡§Æ‡•á‡§Ç ‡§ú‡§æ‡•§,Harmful,Hindi
‡§§‡•á‡§∞‡•á ‡§ú‡•à‡§∏‡§æ ‡§≠‡•ã‡§∏‡§°‡§º‡•Ä ‡§ï‡•á ‡§ï‡•ã ‡§Æ‡•à‡§Ç ‡§∏‡•Ä‡§ß‡§æ ‡§ï‡§∞ ‡§¶‡•Ç‡§Ç‡§ó‡§æ‡•§,Harmful,Hindi
‡§§‡•á‡§∞‡•Ä ‡§ó‡§ø‡§®‡§§‡•Ä ‡§®‡§ú‡§æ‡§Ø‡§ú ‡§î‡§≤‡§æ‡§¶ ‡§Æ‡•á‡§Ç ‡§π‡•Ä ‡§π‡•ã‡§§‡•Ä ‡§π‡•à‡•§,Harmful,Hindi
‡§§‡•Å ‡§ó‡§æ‡§Ç‡§°‡§´‡§ü‡•Å ‡§≤‡•ã‡§ó‡•ã‡§Ç ‡§ï‡§æ ‡§∞‡§æ‡§ú‡§æ ‡§π‡•à‡•§,Harmful,Hindi
‡§§‡•á‡§∞‡•á ‡§ú‡•à‡§∏‡•á ‡§ó‡§∏‡•ç‡§§‡•Ä ‡§≤‡§°‡§º‡§ï‡•á ‡§ï‡•ã‡§à ‡§™‡§∏‡§Ç‡§¶ ‡§®‡§π‡•Ä‡§Ç ‡§ï‡§∞‡§§‡•á‡•§,Harmful,Hindi
‡§§‡•á‡§∞‡•á ‡§ú‡•à‡§∏‡•Ä ‡§ò‡§æ‡§∏‡•ç‡§ü‡•Ä ‡§ï‡•ã ‡§¶‡•á‡§ñ ‡§ï‡•á ‡§ï‡•ã‡§à ‡§¨‡•ã‡§≤‡•á‡§ó‡§æ ‡§®‡§π‡•Ä‡§Ç‡•§,Harmful,Hindi
‡§§‡•Å ‡§π‡§∞ ‡§µ‡§ï‡•ç‡§§ ‡§≠‡•ã‡§∏‡§°‡§º‡•Ä ‡§ï‡•á ‡§ú‡•à‡§∏‡§æ ‡§Æ‡•Å‡§Ç‡§π ‡§ñ‡•ã‡§≤‡§§‡§æ ‡§π‡•à‡•§,Harmful,Hindi
‡§§‡•Å ‡§≤‡§Ç‡§° ‡§ï‡§æ ‡§ö‡•Ç‡§π‡§æ ‡§π‡•à‡•§,Harmful,Hindi
‡§§‡•á‡§∞‡•Ä ‡§π‡§∞‡§ï‡§§‡•á‡§Ç ‡§ö‡•Ç‡§§ ‡§ï‡§æ ‡§ö‡•Ç‡§∞‡§® ‡§ú‡•à‡§∏‡•Ä ‡§´‡§æ‡§≤‡§§‡•Ç ‡§π‡•à‡§Ç‡•§,Harmful,Hindi
‡§§‡•Å ‡§™‡•Ç‡§∞‡§æ ‡§ö‡•Ç‡§§ ‡§ï‡§æ ‡§Æ‡•à‡§≤ ‡§≤‡§ó ‡§∞‡§π‡§æ ‡§π‡•à‡•§,Harmful,Hindi
‡§§‡•Å‡§ù ‡§ú‡•à‡§∏‡•á ‡§ï‡•Å‡§§‡•ç‡§§‡•á ‡§ï‡•Ä ‡§î‡§≤‡§æ‡§¶ ‡§∏‡•á ‡§ï‡•å‡§® ‡§¶‡•ã‡§∏‡•ç‡§§‡•Ä ‡§ï‡§∞‡•á‡§ó‡§æ‡•§,Harmful,Hindi
‡§§‡•Å ‡§∏‡§æ‡§≤‡§æ ‡§ï‡•Å‡§§‡•ç‡§§‡§æ ‡§§‡•Å‡§ù‡•á ‡§§‡§Æ‡•Ä‡§ú ‡§®‡§π‡•Ä‡§Ç‡•§,Harmful,Hindi
‡§§‡•Å‡§ù‡•á ‡§¶‡•á‡§ñ‡§ï‡§∞ ‡§π‡§∞ ‡§ï‡•ã‡§à ‡§¨‡•ã‡§≤‡•á‡§ó‡§æ ‡§≠‡§°‡§µ‡§æ ‡§π‡•Ä ‡§π‡•à‡•§,Harmful,Hindi
‡§Ü‡§™ ‡§¨‡§π‡•Å‡§§ ‡§Ö‡§ö‡•ç‡§õ‡•á ‡§á‡§Ç‡§∏‡§æ‡§® ‡§π‡•à‡§Ç‡•§,Non-Harmful,Hindi
‡§Æ‡•Å‡§ù‡•á ‡§Ü‡§™‡§ï‡•Ä ‡§Æ‡§¶‡§¶ ‡§ï‡•Ä ‡§ú‡§∞‡•Ç‡§∞‡§§ ‡§•‡•Ä ‡§ß‡§®‡•ç‡§Ø‡§µ‡§æ‡§¶‡•§,Non-Harmful,Hindi
‡§Ü‡§™‡§ï‡•Ä ‡§∏‡•ã‡§ö ‡§¨‡§π‡•Å‡§§ ‡§∏‡§ï‡§æ‡§∞‡§æ‡§§‡•ç‡§Æ‡§ï ‡§π‡•à‡•§,Non-Harmful,Hindi
‡§Ü‡§ú ‡§Æ‡•å‡§∏‡§Æ ‡§¨‡§π‡•Å‡§§ ‡§Ö‡§ö‡•ç‡§õ‡§æ ‡§π‡•à‡•§,Non-Harmful,Hindi
‡§Ü‡§™ ‡§π‡§Æ‡•á‡§∂‡§æ ‡§∏‡§ö‡•ç‡§ö‡§æ‡§à ‡§ï‡•á ‡§∏‡§æ‡§• ‡§∞‡§π‡§§‡•á ‡§π‡•ã‡•§,Non-Harmful,Hindi
‡§Ü‡§™‡§ï‡•Ä ‡§Æ‡•á‡§π‡§®‡§§ ‡§è‡§ï ‡§¶‡§ø‡§® ‡§∞‡§Ç‡§ó ‡§≤‡§æ‡§è‡§ó‡•Ä‡•§,Non-Harmful,Hindi
‡§ö‡§≤‡§ø‡§è ‡§Æ‡§ø‡§≤‡§ï‡§∞ ‡§ï‡•Å‡§õ ‡§Ö‡§ö‡•ç‡§õ‡§æ ‡§ï‡§æ‡§Æ ‡§ï‡§∞‡§§‡•á ‡§π‡•à‡§Ç‡•§,Non-Harmful,Hindi
‡§Ü‡§™‡§ï‡§æ ‡§µ‡•ç‡§Ø‡§µ‡§π‡§æ‡§∞ ‡§¨‡§π‡•Å‡§§ ‡§π‡•Ä ‡§∏‡§∞‡§≤ ‡§î‡§∞ ‡§Ö‡§ö‡•ç‡§õ‡§æ ‡§π‡•à‡•§,Non-Harmful,Hindi
‡§Ü‡§™ ‡§¨‡§π‡•Å‡§§ ‡§π‡•Ä ‡§µ‡§ø‡§®‡§Æ‡•ç‡§∞ ‡§µ‡•ç‡§Ø‡§ï‡•ç‡§§‡§ø ‡§π‡•à‡§Ç‡•§,Non-Harmful,Hindi
‡§Ü‡§™‡§ï‡•á ‡§∂‡§¨‡•ç‡§¶ ‡§π‡§Æ‡•á‡§∂‡§æ ‡§¶‡§ø‡§≤ ‡§ï‡•ã ‡§õ‡•Ç ‡§ú‡§æ‡§§‡•á ‡§π‡•à‡§Ç‡•§,Non-Harmful,Hindi
‡§à‡§Æ‡§æ‡§®‡§¶‡§æ‡§∞‡•Ä ‡§∏‡§¨‡§∏‡•á ‡§¨‡§°‡§º‡•Ä ‡§™‡•Ç‡§Ç‡§ú‡•Ä ‡§π‡•à‡•§,Non-Harmful,Hindi
‡§™‡§¢‡§º‡§æ‡§à ‡§∏‡•á ‡§ú‡•Ä‡§µ‡§® ‡§Æ‡•á‡§Ç ‡§∏‡§´‡§≤‡§§‡§æ ‡§Æ‡§ø‡§≤‡§§‡•Ä ‡§π‡•à‡•§,Non-Harmful,Hindi
‡§¶‡•ã‡§∏‡•ç‡§§‡•Ä ‡§è‡§ï ‡§Ö‡§®‡§Æ‡•ã‡§≤ ‡§∞‡§ø‡§∂‡•ç‡§§‡§æ ‡§π‡•à‡•§,Non-Harmful,Hindi
‡§π‡§∞ ‡§¶‡§ø‡§® ‡§è‡§ï ‡§®‡§à ‡§∂‡•Å‡§∞‡•Å‡§Ü‡§§ ‡§π‡•à‡•§,Non-Harmful,Hindi
‡§∏‡§¨‡§ï‡•Ä ‡§á‡§ú‡•ç‡§ú‡§§ ‡§ï‡§∞‡§®‡•Ä ‡§ö‡§æ‡§π‡§ø‡§è‡•§,Non-Harmful,Hindi
‡§Æ‡§æ‡§§‡§æ‡§™‡§ø‡§§‡§æ ‡§ï‡•Ä ‡§∏‡•á‡§µ‡§æ ‡§∏‡§¨‡§∏‡•á ‡§¨‡§°‡§º‡§æ ‡§ß‡§∞‡•ç‡§Æ ‡§π‡•à‡•§,Non-Harmful,Hindi
‡§∂‡§ø‡§ï‡•ç‡§∑‡§æ ‡§∏‡§¨‡§∏‡•á ‡§¨‡§°‡§º‡•Ä ‡§¶‡•å‡§≤‡§§ ‡§π‡•à‡•§,Non-Harmful,Hindi
‡§Æ‡•á‡§π‡§®‡§§ ‡§ï‡§∞‡§®‡•á ‡§∏‡•á ‡§π‡•Ä ‡§∏‡§´‡§≤‡§§‡§æ ‡§Æ‡§ø‡§≤‡§§‡•Ä ‡§π‡•à‡•§,Non-Harmful,Hindi
‡§∏‡§™‡§®‡•á ‡§∏‡§ö ‡§π‡•ã‡§§‡•á ‡§π‡•à‡§Ç ‡§Ö‡§ó‡§∞ ‡§π‡§Æ ‡§ï‡•ã‡§∂‡§ø‡§∂ ‡§ï‡§∞‡•á‡§Ç‡•§,Non-Harmful,Hindi
‡§π‡§∞ ‡§™‡§∞‡§ø‡§∏‡•ç‡§•‡§ø‡§§‡§ø ‡§Æ‡•á‡§Ç ‡§ß‡•à‡§∞‡•ç‡§Ø ‡§∞‡§ñ‡§®‡§æ ‡§ö‡§æ‡§π‡§ø‡§è‡•§,Non-Harmful,Hindi
‡§∏‡§ö‡•ç‡§ö‡§æ‡§à ‡§î‡§∞ ‡§Æ‡•á‡§π‡§®‡§§ ‡§ï‡§æ ‡§ï‡•ã‡§à ‡§µ‡§ø‡§ï‡§≤‡•ç‡§™ ‡§®‡§π‡•Ä‡§Ç‡•§,Non-Harmful,Hindi
‡§π‡§∞ ‡§á‡§Ç‡§∏‡§æ‡§® ‡§Æ‡•á‡§Ç ‡§Ö‡§ö‡•ç‡§õ‡§æ‡§à ‡§π‡•ã‡§§‡•Ä ‡§π‡•à‡•§,Non-Harmful,Hindi
‡§ú‡•Ä‡§µ‡§® ‡§Æ‡•á‡§Ç ‡§Ü‡§ó‡•á ‡§¨‡§¢‡§º‡§§‡•á ‡§∞‡§π‡§®‡§æ ‡§ö‡§æ‡§π‡§ø‡§è‡•§,Non-Harmful,Hindi
‡§∏‡§¨‡§ï‡•á ‡§∏‡§æ‡§• ‡§™‡•ç‡§∞‡•á‡§Æ ‡§∏‡•á ‡§µ‡•ç‡§Ø‡§µ‡§π‡§æ‡§∞ ‡§ï‡§∞‡•ã‡•§,Non-Harmful,Hindi
‡§Æ‡•Å‡§∏‡•ç‡§ï‡§æ‡§® ‡§∏‡•á ‡§¶‡§ø‡§® ‡§Ö‡§ö‡•ç‡§õ‡§æ ‡§π‡•ã‡§§‡§æ ‡§π‡•à‡•§,Non-Harmful,Hindi
‡§Ö‡§™‡§®‡•á ‡§ï‡§æ‡§∞‡•ç‡§Ø ‡§∏‡•á ‡§∏‡§Æ‡§æ‡§ú ‡§ï‡§æ ‡§≠‡§≤‡§æ ‡§π‡•ã‡•§,Non-Harmful,Hindi
‡§ï‡§°‡§º‡•Ä ‡§Æ‡•á‡§π‡§®‡§§ ‡§π‡•Ä ‡§∏‡§´‡§≤‡§§‡§æ ‡§ï‡•Ä ‡§ï‡•Å‡§Ç‡§ú‡•Ä ‡§π‡•à‡•§,Non-Harmful,Hindi
‡§™‡§∞‡§ø‡§µ‡§æ‡§∞ ‡§π‡•Ä ‡§π‡§Æ‡§æ‡§∞‡•Ä ‡§Ö‡§∏‡§≤‡•Ä ‡§§‡§æ‡§ï‡§§ ‡§π‡•à‡•§,Non-Harmful,Hindi
‡§π‡§Æ‡•á‡§∂‡§æ ‡§∏‡§ï‡§æ‡§∞‡§æ‡§§‡•ç‡§Æ‡§ï ‡§∏‡•ã‡§ö‡•ã‡•§,Non-Harmful,Hindi
‡§¶‡•Ç‡§∏‡§∞‡•ã‡§Ç ‡§ï‡•Ä ‡§Æ‡§¶‡§¶ ‡§ï‡§∞‡§®‡§æ ‡§Ö‡§ö‡•ç‡§õ‡§æ ‡§π‡•ã‡§§‡§æ ‡§π‡•à‡•§,Non-Harmful,Hindi
‡§¨‡§ö‡•ç‡§ö‡•ã‡§Ç ‡§∏‡•á ‡§∏‡§ö‡•ç‡§ö‡§æ‡§à ‡§∏‡•Ä‡§ñ‡§®‡•Ä ‡§ö‡§æ‡§π‡§ø‡§è‡•§,Non-Harmful,Hindi
‡§∏‡•Å‡§¨‡§π ‡§ú‡§≤‡•ç‡§¶‡•Ä ‡§â‡§†‡§®‡§æ ‡§∏‡•á‡§π‡§§ ‡§ï‡•á ‡§≤‡§ø‡§è ‡§Ö‡§ö‡•ç‡§õ‡§æ ‡§π‡•à‡•§,Non-Harmful,Hindi
‡§ú‡•Ä‡§µ‡§® ‡§Æ‡•á‡§Ç ‡§Ö‡§®‡•Å‡§∂‡§æ‡§∏‡§® ‡§¨‡§π‡•Å‡§§ ‡§ú‡§∞‡•Ç‡§∞‡•Ä ‡§π‡•à‡•§,Non-Harmful,Hindi
‡§π‡§Æ‡•á‡§∂‡§æ ‡§∏‡§ö‡•ç‡§ö‡§æ‡§à ‡§ï‡§æ ‡§∏‡§æ‡§• ‡§¶‡•ã‡•§,Non-Harmful,Hindi
‡§¶‡•Ç‡§∏‡§∞‡•ã‡§Ç ‡§ï‡•Ä ‡§¨‡§æ‡§§‡•ã‡§Ç ‡§ï‡•ã ‡§ß‡•à‡§∞‡•ç‡§Ø ‡§∏‡•á ‡§∏‡•Å‡§®‡§®‡§æ ‡§ö‡§æ‡§π‡§ø‡§è‡•§,Non-Harmful,Hindi
‡§¨‡§ø‡§®‡§æ ‡§Æ‡•á‡§π‡§®‡§§ ‡§ï‡•á ‡§ï‡•Å‡§õ ‡§®‡§π‡•Ä‡§Ç ‡§Æ‡§ø‡§≤‡§§‡§æ‡•§,Non-Harmful,Hindi
‡§∏‡§Æ‡§Ø ‡§ï‡§æ ‡§∏‡§¶‡•Å‡§™‡§Ø‡•ã‡§ó ‡§ï‡§∞‡•ã‡•§,Non-Harmful,Hindi
‡§Ö‡§ö‡•ç‡§õ‡•Ä ‡§∏‡•ã‡§ö ‡§π‡•Ä ‡§Ö‡§ö‡•ç‡§õ‡•á ‡§ú‡•Ä‡§µ‡§® ‡§ï‡§æ ‡§Ü‡§ß‡§æ‡§∞ ‡§π‡•à‡•§,Non-Harmful,Hindi
‡§∏‡§¨‡§ï‡•ã ‡§ñ‡•Å‡§∂ ‡§∞‡§ñ‡§®‡•á ‡§ï‡•Ä ‡§ï‡•ã‡§∂‡§ø‡§∂ ‡§ï‡§∞‡•ã‡•§,Non-Harmful,Hindi
‡§π‡§∞ ‡§¶‡§ø‡§® ‡§®‡§Ø‡§æ ‡§Ö‡§µ‡§∏‡§∞ ‡§≤‡•á‡§ï‡§∞ ‡§Ü‡§§‡§æ ‡§π‡•à‡•§,Non-Harmful,Hindi
‡§¶‡§Ø‡§æ ‡§î‡§∞ ‡§ï‡§∞‡•Å‡§£‡§æ ‡§∏‡§¨‡§∏‡•á ‡§¨‡§°‡§º‡•Ä ‡§∂‡§ï‡•ç‡§§‡§ø ‡§π‡•à‡•§,Non-Harmful,Hindi
‡§¶‡•Ç‡§∏‡§∞‡•ã‡§Ç ‡§ï‡•á ‡§∏‡§æ‡§• ‡§™‡•ç‡§∞‡•á‡§Æ ‡§∏‡•á ‡§¨‡§æ‡§§ ‡§ï‡§∞‡•ã‡•§,Non-Harmful,Hindi
‡§π‡§∞ ‡§ï‡§ø‡§∏‡•Ä ‡§ï‡•Ä ‡§Æ‡§¶‡§¶ ‡§ï‡§∞‡§®‡•Ä ‡§ö‡§æ‡§π‡§ø‡§è‡•§,Non-Harmful,Hindi
‡§Ö‡§ö‡•ç‡§õ‡•á ‡§µ‡§ø‡§ö‡§æ‡§∞ ‡§ú‡•Ä‡§µ‡§® ‡§ï‡•ã ‡§¨‡•á‡§π‡§§‡§∞ ‡§¨‡§®‡§æ‡§§‡•á ‡§π‡•à‡§Ç‡•§,Non-Harmful,Hindi
‡§à‡§Æ‡§æ‡§®‡§¶‡§æ‡§∞‡•Ä ‡§î‡§∞ ‡§∏‡§ö‡•ç‡§ö‡§æ‡§à ‡§∏‡§¨‡§∏‡•á ‡§ú‡§∞‡•Ç‡§∞‡•Ä ‡§π‡•à‡§Ç‡•§,Non-Harmful,Hindi
‡§∞‡§ø‡§∂‡•ç‡§§‡•ã‡§Ç ‡§Æ‡•á‡§Ç ‡§™‡•ç‡§∞‡•á‡§Æ ‡§î‡§∞ ‡§µ‡§ø‡§∂‡•ç‡§µ‡§æ‡§∏ ‡§π‡•ã‡§®‡§æ ‡§ö‡§æ‡§π‡§ø‡§è‡•§,Non-Harmful,Hindi
‡§õ‡•ã‡§ü‡•Ä‡§õ‡•ã‡§ü‡•Ä ‡§ö‡•Ä‡§ú‡•ã‡§Ç ‡§Æ‡•á‡§Ç ‡§ñ‡•Å‡§∂‡•Ä ‡§¢‡•Ç‡§Ç‡§¢‡•ã‡•§,Non-Harmful,Hindi
‡§π‡§∞ ‡§¶‡§ø‡§® ‡§ï‡•Å‡§õ ‡§®‡§Ø‡§æ ‡§∏‡•Ä‡§ñ‡•ã‡•§,Non-Harmful,Hindi
‡§Ö‡§™‡§®‡•á ‡§ï‡§æ‡§Æ ‡§∏‡•á ‡§∏‡§Æ‡§æ‡§ú ‡§Æ‡•á‡§Ç ‡§á‡§ú‡•ç‡§ú‡§§ ‡§™‡§æ‡§ì‡•§,Non-Harmful,Hindi
‡§Ö‡§™‡§®‡•á ‡§¨‡§°‡§º‡•ã‡§Ç ‡§ï‡•Ä ‡§¨‡§æ‡§§ ‡§Æ‡§æ‡§®‡§®‡•Ä ‡§ö‡§æ‡§π‡§ø‡§è‡•§,Non-Harmful,Hindi
‡§Ö‡§ö‡•ç‡§õ‡•á ‡§¶‡•ã‡§∏‡•ç‡§§ ‡§ú‡§ø‡§Ç‡§¶‡§ó‡•Ä ‡§ï‡§æ ‡§ñ‡§ú‡§æ‡§®‡§æ ‡§π‡•à‡§Ç‡•§,Non-Harmful,Hindi
‡§ï‡§ø‡§§‡§æ‡§¨‡•á‡§Ç ‡§∏‡§¨‡§∏‡•á ‡§Ö‡§ö‡•ç‡§õ‡•á ‡§¶‡•ã‡§∏‡•ç‡§§ ‡§π‡•ã‡§§‡•Ä ‡§π‡•à‡§Ç‡•§,Non-Harmful,Hindi
‡§Æ‡•á‡§π‡§®‡§§ ‡§ï‡§∞‡§®‡•á ‡§µ‡§æ‡§≤‡•ã‡§Ç ‡§ï‡•Ä ‡§ï‡§≠‡•Ä ‡§π‡§æ‡§∞ ‡§®‡§π‡•Ä‡§Ç ‡§π‡•ã‡§§‡•Ä‡•§,Non-Harmful,Hindi
‡§ï‡§°‡§º‡•Ä ‡§Æ‡•á‡§π‡§®‡§§ ‡§∏‡•á ‡§π‡§∞ ‡§Æ‡§Ç‡§ú‡§ø‡§≤ ‡§™‡§æ‡§à ‡§ú‡§æ ‡§∏‡§ï‡§§‡•Ä ‡§π‡•à‡•§,Non-Harmful,Hindi
‡§π‡§Æ‡•á‡§∂‡§æ ‡§ñ‡•Å‡§∂ ‡§∞‡§π‡•ã ‡§î‡§∞ ‡§¶‡•Ç‡§∏‡§∞‡•ã‡§Ç ‡§ï‡•ã ‡§≠‡•Ä ‡§ñ‡•Å‡§∂ ‡§∞‡§ñ‡•ã‡•§,Non-Harmful,Hindi
‡§∏‡§Æ‡§Ø ‡§™‡§∞ ‡§ï‡§æ‡§Æ ‡§ï‡§∞‡§®‡§æ ‡§Ü‡§¶‡§§ ‡§¨‡§®‡§æ‡§ì‡•§,Non-Harmful,Hindi
‡§∏‡§ï‡§æ‡§∞‡§æ‡§§‡•ç‡§Æ‡§ï ‡§∏‡•ã‡§ö ‡§§‡•Å‡§Æ‡•ç‡§π‡•á‡§Ç ‡§Ü‡§ó‡•á ‡§¨‡§¢‡§º‡§æ‡§è‡§ó‡•Ä‡•§,Non-Harmful,Hindi
‡§¨‡§°‡§º‡•ã‡§Ç ‡§ï‡§æ ‡§∏‡§Æ‡•ç‡§Æ‡§æ‡§® ‡§ï‡§∞‡§®‡§æ ‡§ö‡§æ‡§π‡§ø‡§è‡•§,Non-Harmful,Hindi
‡§Ö‡§ö‡•ç‡§õ‡•á ‡§∏‡§Ç‡§∏‡•ç‡§ï‡§æ‡§∞ ‡§ú‡•Ä‡§µ‡§® ‡§ï‡•ã ‡§∏‡•Å‡§Ç‡§¶‡§∞ ‡§¨‡§®‡§æ‡§§‡•á ‡§π‡•à‡§Ç‡•§,Non-Harmful,Hindi
‡§µ‡§ø‡§®‡§Æ‡•ç‡§∞‡§§‡§æ ‡§∏‡§¨‡§∏‡•á ‡§¨‡§°‡§º‡•Ä ‡§™‡§π‡§ö‡§æ‡§® ‡§π‡•ã‡§§‡•Ä ‡§π‡•à‡•§,Non-Harmful,Hindi
‡§π‡§∞ ‡§á‡§Ç‡§∏‡§æ‡§® ‡§Ö‡§™‡§®‡•á ‡§Ü‡§™ ‡§Æ‡•á‡§Ç ‡§ñ‡§æ‡§∏ ‡§π‡•ã‡§§‡§æ ‡§π‡•à‡•§,Non-Harmful,Hindi
‡§π‡§∞ ‡§¶‡§ø‡§® ‡§ï‡•Å‡§õ ‡§Ö‡§ö‡•ç‡§õ‡§æ ‡§ï‡§∞‡§®‡•á ‡§ï‡•Ä ‡§ï‡•ã‡§∂‡§ø‡§∂ ‡§ï‡§∞‡•ã‡•§,Non-Harmful,Hindi
‡§ñ‡•Å‡§¶ ‡§™‡§∞ ‡§µ‡§ø‡§∂‡•ç‡§µ‡§æ‡§∏ ‡§∞‡§ñ‡•ã ‡§∏‡§¨ ‡§Ö‡§ö‡•ç‡§õ‡§æ ‡§π‡•ã‡§ó‡§æ‡•§,Non-Harmful,Hindi
‡§Æ‡•Å‡§∏‡•ç‡§ï‡§æ‡§® ‡§∏‡•á ‡§∞‡§ø‡§∂‡•ç‡§§‡•á ‡§Æ‡§ú‡§¨‡•Ç‡§§ ‡§π‡•ã‡§§‡•á ‡§π‡•à‡§Ç‡•§,Non-Harmful,Hindi
‡§Ö‡§™‡§®‡•á ‡§Æ‡§æ‡§§‡§æ‡§™‡§ø‡§§‡§æ ‡§ï‡•ã ‡§π‡§Æ‡•á‡§∂‡§æ ‡§ñ‡•Å‡§∂ ‡§∞‡§ñ‡•ã‡•§,Non-Harmful,Hindi
‡§Ö‡§ö‡•ç‡§õ‡§æ ‡§ï‡§æ‡§Æ ‡§ï‡§∞‡§®‡•á ‡§Æ‡•á‡§Ç ‡§ï‡§≠‡•Ä ‡§¶‡•á‡§∞‡•Ä ‡§Æ‡§§ ‡§ï‡§∞‡•ã‡•§,Non-Harmful,Hindi
‡§ú‡•Ä‡§µ‡§® ‡§è‡§ï ‡§¨‡§æ‡§∞ ‡§π‡•Ä ‡§Æ‡§ø‡§≤‡§§‡§æ ‡§π‡•à ‡§á‡§∏‡•á ‡§Ö‡§ö‡•ç‡§õ‡§æ ‡§¨‡§®‡§æ‡§ì‡•§,Non-Harmful,Hindi
‡§à‡§Æ‡§æ‡§®‡§¶‡§æ‡§∞ ‡§á‡§Ç‡§∏‡§æ‡§® ‡§ï‡•ã ‡§∏‡§¨ ‡§™‡§∏‡§Ç‡§¶ ‡§ï‡§∞‡§§‡•á ‡§π‡•à‡§Ç‡•§,Non-Harmful,Hindi
‡§¶‡§Ø‡§æ ‡§ï‡§∞‡§®‡•á ‡§µ‡§æ‡§≤‡§æ ‡§¶‡§ø‡§≤ ‡§¨‡§π‡•Å‡§§ ‡§∏‡•Å‡§Ç‡§¶‡§∞ ‡§π‡•ã‡§§‡§æ ‡§π‡•à‡•§,Non-Harmful,Hindi
‡§∏‡§Æ‡§Ø ‡§î‡§∞ ‡§Æ‡•á‡§π‡§®‡§§ ‡§ï‡§æ ‡§Æ‡•Ç‡§≤‡•ç‡§Ø ‡§∏‡§Æ‡§ù‡•ã‡•§,Non-Harmful,Hindi
‡§ú‡•Ä‡§µ‡§® ‡§Æ‡•á‡§Ç ‡§∏‡§¨‡•ç‡§∞ ‡§¨‡§π‡•Å‡§§ ‡§ú‡§∞‡•Ç‡§∞‡•Ä ‡§π‡•à‡•§,Non-Harmful,Hindi
‡§¶‡•Ç‡§∏‡§∞‡•ã‡§Ç ‡§ï‡•á ‡§≤‡§ø‡§è ‡§Ö‡§ö‡•ç‡§õ‡§æ ‡§∏‡•ã‡§ö‡•ã‡•§,Non-Harmful,Hindi
‡§π‡§∞ ‡§á‡§Ç‡§∏‡§æ‡§® ‡§Æ‡•á‡§Ç ‡§ï‡•Å‡§õ ‡§Ö‡§ö‡•ç‡§õ‡§æ ‡§π‡•ã‡§§‡§æ ‡§π‡•à‡•§,Non-Harmful,Hindi
‡§∏‡§¨‡§ï‡•á ‡§∏‡§æ‡§• ‡§∏‡§Æ‡§æ‡§® ‡§µ‡•ç‡§Ø‡§µ‡§π‡§æ‡§∞ ‡§ï‡§∞‡•ã‡•§,Non-Harmful,Hindi
‡§∏‡§ö‡•ç‡§ö‡§æ‡§à ‡§∏‡•á ‡§°‡§∞‡§®‡§æ ‡§®‡§π‡•Ä‡§Ç ‡§ö‡§æ‡§π‡§ø‡§è‡•§,Non-Harmful,Hindi
‡§¶‡§ø‡§≤ ‡§∏‡•á ‡§ï‡•Ä ‡§ó‡§à ‡§Æ‡•á‡§π‡§®‡§§ ‡§ï‡§≠‡•Ä ‡§¨‡•á‡§ï‡§æ‡§∞ ‡§®‡§π‡•Ä‡§Ç ‡§ú‡§æ‡§§‡•Ä‡•§,Non-Harmful,Hindi
‡§Ö‡§ö‡•ç‡§õ‡•á ‡§µ‡§ø‡§ö‡§æ‡§∞ ‡§π‡•Ä ‡§Ö‡§ö‡•ç‡§õ‡•á ‡§á‡§Ç‡§∏‡§æ‡§® ‡§¨‡§®‡§æ‡§§‡•á ‡§π‡•à‡§Ç‡•§,Non-Harmful,Hindi
‡§ï‡§ø‡§∏‡•Ä ‡§ï‡§æ ‡§¶‡§ø‡§≤ ‡§Æ‡§§ ‡§¶‡•Å‡§ñ‡§æ‡§ì‡•§,Non-Harmful,Hindi
‡§ú‡•Ä‡§µ‡§® ‡§Æ‡•á‡§Ç ‡§ó‡§≤‡§§‡§ø‡§Ø‡§æ‡§Ç ‡§π‡•ã‡§§‡•Ä ‡§π‡•à‡§Ç ‡§â‡§®‡§∏‡•á ‡§∏‡•Ä‡§ñ‡•ã‡•§,Non-Harmful,Hindi
‡§π‡§∞ ‡§¶‡§ø‡§® ‡§è‡§ï ‡§®‡§Ø‡§æ ‡§Ö‡§µ‡§∏‡§∞ ‡§π‡•à‡•§,Non-Harmful,Hindi
‡§ï‡•ã‡§à ‡§≠‡•Ä ‡§ï‡§æ‡§Æ ‡§õ‡•ã‡§ü‡§æ ‡§Ø‡§æ ‡§¨‡§°‡§º‡§æ ‡§®‡§π‡•Ä‡§Ç ‡§π‡•ã‡§§‡§æ‡•§,Non-Harmful,Hindi
‡§∏‡§¨‡§ï‡•ã ‡§Æ‡§æ‡§´ ‡§ï‡§∞‡§®‡§æ ‡§∏‡•Ä‡§ñ‡•ã‡•§,Non-Harmful,Hindi
‡§¨‡§ö‡•ç‡§ö‡•ã‡§Ç ‡§ï‡•Ä ‡§¨‡§æ‡§§‡•á‡§Ç ‡§∏‡•Å‡§®‡•ã ‡§î‡§∞ ‡§∏‡§Æ‡§ù‡•ã‡•§,Non-Harmful,Hindi
‡§π‡§∞ ‡§ï‡§ø‡§∏‡•Ä ‡§ï‡•Ä ‡§á‡§ú‡•ç‡§ú‡§§ ‡§ï‡§∞‡•ã‡•§,Non-Harmful,Hindi
‡§µ‡§ø‡§®‡§Æ‡•ç‡§∞ ‡§∂‡§¨‡•ç‡§¶ ‡§∏‡§¨‡§∏‡•á ‡§¨‡§°‡§º‡•Ä ‡§§‡§æ‡§ï‡§§ ‡§π‡•ã‡§§‡•á ‡§π‡•à‡§Ç‡•§,Non-Harmful,Hindi
‡§Ö‡§ö‡•ç‡§õ‡•á ‡§≤‡•ã‡§ó‡•ã‡§Ç ‡§ï‡•á ‡§∏‡§æ‡§• ‡§∞‡§π‡•ã‡•§,Non-Harmful,Hindi
‡§ú‡§¨ ‡§≠‡•Ä ‡§Æ‡•å‡§ï‡§æ ‡§Æ‡§ø‡§≤‡•á ‡§Ö‡§ö‡•ç‡§õ‡§æ ‡§ï‡§æ‡§Æ ‡§ï‡§∞‡•ã‡•§,Non-Harmful,Hindi
‡§π‡§∞ ‡§á‡§Ç‡§∏‡§æ‡§® ‡§ï‡•Ä ‡§ï‡§¶‡§∞ ‡§ï‡§∞‡§®‡§æ ‡§∏‡•Ä‡§ñ‡•ã‡•§,Non-Harmful,Hindi
‡§¨‡§°‡§º‡•ã‡§Ç ‡§∏‡•á ‡§Ü‡§∂‡•Ä‡§∞‡•ç‡§µ‡§æ‡§¶ ‡§≤‡•ã‡•§,Non-Harmful,Hindi
‡§ó‡§≤‡§§‡§ø‡§Ø‡•ã‡§Ç ‡§ï‡•ã ‡§∏‡•Å‡§ß‡§æ‡§∞‡§®‡•á ‡§ï‡•Ä ‡§ï‡•ã‡§∂‡§ø‡§∂ ‡§ï‡§∞‡•ã‡•§,Non-Harmful,Hindi
‡§≠‡§∞‡•ã‡§∏‡§æ ‡§î‡§∞ ‡§∏‡§ö‡•ç‡§ö‡§æ‡§à ‡§∞‡§ø‡§∂‡•ç‡§§‡•ã‡§Ç ‡§ï‡•Ä ‡§®‡•Ä‡§Ç‡§µ ‡§π‡•à‡§Ç‡•§,Non-Harmful,Hindi
‡§π‡§∞ ‡§¶‡§ø‡§® ‡§ï‡•Å‡§õ ‡§®‡§Ø‡§æ ‡§ï‡§∞‡§®‡•á ‡§ï‡•Ä ‡§†‡§æ‡§®‡•ã‡•§,Non-Harmful,Hindi
‡§¶‡•Ç‡§∏‡§∞‡•ã‡§Ç ‡§ï‡•Ä ‡§Ö‡§ö‡•ç‡§õ‡§æ‡§à ‡§ï‡•Ä ‡§§‡§æ‡§∞‡•Ä‡§´ ‡§ï‡§∞‡•ã‡•§,Non-Harmful,Hindi
‡§π‡§Æ‡•á‡§∂‡§æ ‡§∏‡§ö‡•ç‡§ö‡§æ‡§à ‡§ï‡•á ‡§∞‡§æ‡§∏‡•ç‡§§‡•á ‡§™‡§∞ ‡§ö‡§≤‡•ã‡•§,Non-Harmful,Hindi
‡§¶‡•Ç‡§∏‡§∞‡•ã‡§Ç ‡§ï‡•Ä ‡§Æ‡§¶‡§¶ ‡§ï‡§∞‡§®‡•á ‡§Æ‡•á‡§Ç ‡§ñ‡•Å‡§∂‡•Ä ‡§π‡•à‡•§,Non-Harmful,Hindi
‡§ï‡§æ‡§Æ ‡§Æ‡•á‡§Ç ‡§à‡§Æ‡§æ‡§®‡§¶‡§æ‡§∞‡•Ä ‡§∞‡§ñ‡•ã‡•§,Non-Harmful,Hindi
‡§Ö‡§™‡§®‡•á ‡§™‡§∞‡§ø‡§µ‡§æ‡§∞ ‡§ï‡§æ ‡§ñ‡•ç‡§Ø‡§æ‡§≤ ‡§∞‡§ñ‡•ã‡•§,Non-Harmful,Hindi
‡§Ö‡§ö‡•ç‡§õ‡•á ‡§á‡§Ç‡§∏‡§æ‡§® ‡§¨‡§®‡§®‡•á ‡§ï‡•Ä ‡§ï‡•ã‡§∂‡§ø‡§∂ ‡§ï‡§∞‡•ã‡•§,Non-Harmful,Hindi
‡§¶‡•Ç‡§∏‡§∞‡•ã‡§Ç ‡§ï‡•Ä ‡§∏‡§´‡§≤‡§§‡§æ ‡§Æ‡•á‡§Ç ‡§ñ‡•Å‡§∂ ‡§∞‡§π‡•ã‡•§,Non-Harmful,Hindi
‡§π‡§∞ ‡§¶‡§ø‡§® ‡§ï‡•Å‡§õ ‡§®‡§Ø‡§æ ‡§∏‡•Ä‡§ñ‡§®‡•á ‡§ï‡§æ ‡§Ö‡§µ‡§∏‡§∞ ‡§π‡•ã‡§§‡§æ ‡§π‡•à‡•§,Non-Harmful,Hindi
‡§§‡•Å‡§ù‡§Ç ‡§°‡•ã‡§ï‡§Ç ‡§´‡§æ‡§ü‡§≤‡§Ç‡§Ø ‡§ï‡§æ ‡§ó‡§æ‡§Ç‡§°‡•Ç‡§§ ‡§ò‡§æ‡§≤‡§æ‡§Ø‡§≤‡§æ,Harmful,Marathi
‡§≠‡•ã‡§∏‡§°‡•Ä‡§ö‡•ç‡§Ø‡§æ ‡§§‡•Å‡§ù‡§Ç ‡§Ü‡§Ø‡•Å‡§∑‡•ç‡§Ø ‡§´‡§æ‡§ü‡§≤‡§Ç,Harmful,Marathi
‡§ó‡§æ‡§Ç‡§° ‡§´‡§æ‡§ü‡§≤‡•Ä ‡§ï‡§æ ‡§§‡•Å‡§ù‡•Ä,Harmful,Marathi
‡§§‡•Å‡§ù‡•ç‡§Ø‡§æ ‡§Ü‡§à‡§ö‡•ç‡§Ø‡§æ ‡§™‡•Å‡§§‡•Ä‡§ö‡§æ ‡§´‡•ã‡§ü‡•ã ‡§≤‡§æ‡§µ,Harmful,Marathi
‡§§‡•Å ‡§≠‡§°‡§µ‡§æ ‡§Ü‡§π‡•á‡§∏ ‡§´‡§æ‡§≤‡§§‡•Ç ‡§≤‡•ã‡§ï‡§æ‡§Ç‡§ö‡§æ ‡§®‡•á‡§§‡§æ,Harmful,Marathi
‡§§‡•Å‡§ù‡•Ä ‡§¨‡§π‡§ø‡§£ ‡§∞‡§æ‡§Ç‡§° ‡§Ü‡§π‡•á,Harmful,Marathi
‡§§‡•Å‡§ù‡§æ ‡§¨‡§æ‡§™ ‡§ï‡•Å‡§§‡•ç‡§∞‡§æ ‡§π‡•ã‡§§‡§æ,Harmful,Marathi
‡§≤‡§æ‡§Ç‡§°‡§ó‡•ç‡§Ø‡§æ ‡§∏‡§æ‡§∞‡§ñ‡§Ç ‡§µ‡§æ‡§ó‡•Ç ‡§®‡§ï‡•ã,Harmful,Marathi
‡§§‡•Å‡§ù‡•Ä ‡§Ü‡§à ‡§∞‡§æ‡§Ç‡§° ‡§Ü‡§π‡•á,Harmful,Marathi
‡§§‡•Å ‡§Æ‡•ã‡§†‡§æ ‡§ó‡§æ‡§Ç‡§°‡•Ç ‡§Ü‡§π‡•á‡§∏,Harmful,Marathi
‡§§‡•Å‡§ù‡•ç‡§Ø‡§æ ‡§¨‡§π‡§ø‡§£‡•Ä‡§ö‡•ç‡§Ø‡§æ ‡§ö‡•Å‡§§‡•á‡§§ ‡§ò‡§æ‡§≤‡§§‡•ã,Harmful,Marathi
‡§§‡•Å ‡§®‡§æ‡§≤‡§æ‡§Ø‡§ï ‡§π‡§∞‡§æ‡§Æ‡•Ä ‡§Ü‡§π‡•á‡§∏,Harmful,Marathi
‡§≠‡•ã‡§∏‡§°‡•Ä‡§ö‡•ç‡§Ø‡§æ ‡§§‡•Å ‡§ï‡§∏‡§≤‡§æ ‡§Æ‡§æ‡§£‡•Ç‡§∏ ‡§Ü‡§π‡•á‡§∏,Harmful,Marathi
‡§§‡•Å‡§ù‡•ç‡§Ø‡§æ ‡§Ü‡§à‡§ö‡•ç‡§Ø‡§æ ‡§ö‡•Å‡§§‡•á‡§§ ‡§Æ‡§æ‡§∞,Harmful,Marathi
‡§≤‡§µ‡§°‡•ç‡§Ø‡§æ ‡§∏‡§æ‡§∞‡§ñ‡§Ç ‡§¨‡•ã‡§≤‡§§‡•ã‡§∏ ‡§ï‡§æ,Harmful,Marathi
‡§§‡•Å ‡§≠‡§ø‡§ï‡§æ‡§∞‡•Ä ‡§ó‡§æ‡§Ç‡§°‡•Ç ‡§Ü‡§π‡•á‡§∏,Harmful,Marathi
‡§§‡•Å‡§ù‡§Ç ‡§ó‡§æ‡§Ç‡§° ‡§´‡•Å‡§ü‡§æ‡§Ø‡§≤‡§æ ‡§π‡§µ‡§Ç,Harmful,Marathi
‡§π‡§∞‡§æ‡§Æ‡•Ä ‡§§‡•Å ‡§ï‡§æ‡§π‡•Ä‡§ö ‡§®‡§æ‡§π‡•Ä,Harmful,Marathi
‡§≠‡•ã‡§∏‡§°‡•Ä‡§ö‡•ç‡§Ø‡§æ ‡§§‡•Å‡§ù‡§Ç ‡§§‡•ã‡§Ç‡§° ‡§™‡§æ‡§π‡§µ‡§§ ‡§®‡§æ‡§π‡•Ä,Harmful,Marathi
‡§≠‡§°‡§µ‡•ç‡§Ø‡§æ ‡§§‡•Å‡§ù‡§Ç ‡§°‡•ã‡§ï‡§Ç ‡§Ü‡§π‡•á ‡§ï‡§æ,Harmful,Marathi
‡§§‡•Å‡§ù‡•Ä ‡§™‡§ø‡§≤‡•ç‡§≤‡§Ç ‡§ï‡•Å‡§§‡•ç‡§∞‡•ç‡§Ø‡§æ‡§ö‡•Ä ‡§Ö‡§∏‡§æ‡§µ‡•Ä‡§§,Harmful,Marathi
‡§ö‡•ç‡§Ø‡§æ‡§Ø‡§≤‡§æ ‡§§‡•Å‡§ù‡§Ç ‡§®‡§∂‡•Ä‡§¨ ‡§´‡•Å‡§ü‡§ï‡§Ç,Harmful,Marathi
‡§§‡•Å ‡§ö‡§æ‡§µ‡§ü ‡§∏‡§æ‡§≤‡§æ ‡§Ü‡§π‡•á‡§∏,Harmful,Marathi
‡§§‡•Å‡§ù‡•ç‡§Ø‡§æ ‡§¨‡§π‡§ø‡§£‡•Ä‡§ö‡•ç‡§Ø‡§æ ‡§ö‡•Å‡§§‡•á‡§§ ‡§Ü‡§ó ‡§≤‡§æ‡§µ,Harmful,Marathi
‡§≠‡•ã‡§∏‡§°‡•Ä‡§ö‡•ç‡§Ø‡§æ ‡§§‡•Ç ‡§´‡•Å‡§ï‡§ü ‡§ñ‡§æ‡§£‡§æ‡§∞‡§æ,Harmful,Marathi
‡§≤‡§µ‡§°‡•ç‡§Ø‡§æ ‡§∏‡§æ‡§∞‡§ñ‡§Ç ‡§ï‡§æ‡§Æ ‡§ï‡§∞‡§§‡•ã‡§∏,Harmful,Marathi
‡§≠‡§°‡§µ‡§æ ‡§§‡•Å ‡§Ü‡§°‡§¶‡§æ‡§Ç‡§° ‡§Ü‡§π‡•á‡§∏,Harmful,Marathi
‡§≠‡•ã‡§∏‡§°‡•Ä‡§ö‡•ç‡§Ø‡§æ ‡§§‡•Å‡§ù‡§Ç ‡§Ü‡§Ø‡•Å‡§∑‡•ç‡§Ø ‡§∞‡§°‡§§‡§Ç‡§Ø,Harmful,Marathi
‡§§‡•Å ‡§ö‡•Å‡§§‡§Æ‡§æ‡§∞ ‡§Ü‡§π‡•á‡§∏,Harmful,Marathi
‡§´‡§æ‡§ü‡§≤‡•á‡§≤‡•ç‡§Ø‡§æ ‡§ó‡§æ‡§Ç‡§°‡•Ä‡§ö‡§æ ‡§§‡•Å ‡§µ‡§æ‡§∞‡§∏‡§¶‡§æ‡§∞ ‡§Ü‡§π‡•á‡§∏,Harmful,Marathi
‡§§‡•Å‡§ù‡•Ä ‡§Ü‡§à ‡§≠‡§ø‡§ï‡§æ‡§∞‡•Ä ‡§∞‡§æ‡§Ç‡§° ‡§π‡•ã‡§§‡•Ä,Harmful,Marathi
‡§≠‡•ã‡§∏‡§°‡•Ä‡§ö‡•ç‡§Ø‡§æ ‡§§‡•Å‡§ù‡§Ç ‡§®‡§æ‡§µ‡§ö ‡§µ‡§æ‡§à‡§ü,Harmful,Marathi
‡§§‡•Å ‡§≤‡•Å‡§ö‡•ç‡§ö‡§æ ‡§Ü‡§π‡•á‡§∏,Harmful,Marathi
‡§ó‡§æ‡§Ç‡§° ‡§´‡§æ‡§ü‡§≤‡•Ä ‡§ï‡§æ ‡§∏‡§æ‡§≤‡•Ä,Harmful,Marathi
‡§≠‡§°‡§µ‡•ç‡§Ø‡§æ ‡§§‡•Å‡§ù‡•ç‡§Ø‡§æ ‡§ò‡§∞‡§æ‡§≤‡§æ ‡§Ü‡§ó ‡§≤‡§æ‡§µ,Harmful,Marathi
‡§≠‡•ã‡§∏‡§°‡•Ä‡§ö‡•ç‡§Ø‡§æ ‡§§‡•Å ‡§µ‡•á‡§°‡•ç‡§Ø‡§æ‡§∏‡§æ‡§∞‡§ñ‡§æ ‡§µ‡§æ‡§ó‡§§‡•ã‡§∏,Harmful,Marathi
‡§§‡•Å ‡§®‡§æ‡§≤‡§æ‡§Ø‡§ï ‡§Ü‡§π‡•á‡§∏,Harmful,Marathi
‡§§‡•Å ‡§π‡§∞‡§æ‡§Æ‡•Ä ‡§≠‡§ø‡§ï‡§æ‡§∞‡•Ä ‡§Ü‡§π‡•á‡§∏,Harmful,Marathi
‡§§‡•Å‡§ù‡§Ç ‡§§‡•ã‡§Ç‡§° ‡§≤‡§æ‡§Ç‡§°‡§ó‡•ç‡§Ø‡§æ‡§ö‡§Ç ‡§Ü‡§π‡•á,Harmful,Marathi
‡§≠‡•ã‡§∏‡§°‡•Ä‡§ö‡•ç‡§Ø‡§æ ‡§§‡•Å ‡§∏‡§æ‡§≤‡§æ ‡§ï‡•Å‡§§‡•ç‡§∞‡§æ ‡§Ü‡§π‡•á‡§∏,Harmful,Marathi
‡§§‡•Å‡§ù‡•ç‡§Ø‡§æ ‡§¨‡§π‡§ø‡§£‡•Ä‡§ö‡•ç‡§Ø‡§æ ‡§ö‡•Å‡§§‡•á‡§§ ‡§¨‡§∏‡•Ç‡§® ‡§∞‡§æ‡§π‡§§‡•ã‡§∏,Harmful,Marathi
‡§≠‡§°‡§µ‡•ç‡§Ø‡§æ ‡§∏‡§æ‡§∞‡§ñ‡§Ç ‡§ú‡§ó‡§§‡•ã‡§∏,Harmful,Marathi
‡§§‡•Å‡§ù‡•Ä ‡§Ü‡§à ‡§ï‡•Å‡§§‡•ç‡§∞‡•ç‡§Ø‡§æ‡§™‡•á‡§ï‡•ç‡§∑‡§æ ‡§µ‡§æ‡§à‡§ü,Harmful,Marathi
‡§§‡•Å ‡§≠‡•ã‡§∏‡§°‡•Ä‡§ö‡§æ ‡§ó‡§æ‡§¢‡§µ ‡§Ü‡§π‡•á‡§∏,Harmful,Marathi
‡§≤‡§µ‡§°‡•ç‡§Ø‡§æ ‡§∏‡§æ‡§∞‡§ñ‡§Ç ‡§µ‡§æ‡§ó‡§§ ‡§¨‡§∏‡•Ç ‡§®‡§ï‡•ã‡§∏,Harmful,Marathi
‡§§‡•Å ‡§´‡•Å‡§ï‡§ü‡§ö‡§æ ‡§ó‡§æ‡§Ç‡§°‡•Ç ‡§Ü‡§π‡•á‡§∏,Harmful,Marathi
‡§§‡•Å‡§ù‡•ç‡§Ø‡§æ ‡§¨‡§æ‡§™‡§æ‡§®‡•á ‡§ó‡§æ‡§Ç‡§° ‡§´‡•ã‡§°‡•Ç‡§® ‡§†‡•á‡§µ‡§≤‡•Ä ‡§Ü‡§π‡•á ‡§ï‡§æ,Harmful,Marathi
‡§≠‡•ã‡§∏‡§°‡•Ä‡§ö‡•ç‡§Ø‡§æ ‡§§‡•Ç ‡§ú‡§ó‡§æ‡§§‡§≤‡§Ç ‡§´‡§æ‡§≤‡§§‡•Ç ‡§™‡•ç‡§∞‡§æ‡§£‡•Ä ‡§Ü‡§π‡•á‡§∏,Harmful,Marathi
‡§§‡•Å ‡§∞‡§æ‡§Ç‡§°‡•ã‡§¨‡§æ ‡§Ü‡§π‡•á‡§∏,Harmful,Marathi
‡§§‡•Å‡§ù‡§Ç ‡§°‡•ã‡§ï‡§Ç ‡§≠‡•ã‡§∏‡§°‡•ç‡§Ø‡§æ‡§§ ‡§ó‡•á‡§≤‡§Ç‡§Ø,Harmful,Marathi
‡§§‡•Å ‡§´‡§æ‡§ü‡§≤‡•á‡§≤‡•ç‡§Ø‡§æ ‡§ó‡§æ‡§Ç‡§°‡•Ä‡§ö‡§æ ‡§Ü‡§π‡•á‡§∏,Harmful,Marathi
‡§≠‡•ã‡§∏‡§°‡•Ä‡§ö‡•ç‡§Ø‡§æ ‡§§‡•Å‡§ù‡§æ ‡§ú‡§®‡•ç‡§Æ ‡§´‡•Å‡§ï‡§ü ‡§Ü‡§π‡•á,Harmful,Marathi
‡§§‡•Å ‡§ï‡§æ‡§Ø‡§Æ‡§ö‡•Ä ‡§∞‡§æ‡§Ç‡§° ‡§Ü‡§π‡•á‡§∏,Harmful,Marathi
‡§§‡•Å‡§ù‡•ç‡§Ø‡§æ ‡§¨‡§π‡§ø‡§£‡•Ä‡§ö‡•ç‡§Ø‡§æ ‡§ó‡§æ‡§Ç‡§°‡•Ä‡§≤‡§æ ‡§Ü‡§ó ‡§≤‡§æ‡§µ,Harmful,Marathi
‡§≤‡§µ‡§°‡•ç‡§Ø‡§æ ‡§∏‡§æ‡§∞‡§ñ‡§Ç ‡§ï‡•Å‡§†‡•á‡§π‡•Ä ‡§™‡§°‡§§‡•ã‡§∏,Harmful,Marathi
‡§§‡•Å ‡§®‡§æ‡§≤‡§æ‡§Ø‡§ï ‡§¨‡§æ‡§™‡§æ‡§ö‡§æ ‡§Æ‡•Å‡§≤‡§ó‡§æ ‡§Ü‡§π‡•á‡§∏,Harmful,Marathi
‡§§‡•Å‡§ù‡•Ä ‡§Ü‡§à ‡§ï‡•Å‡§§‡•ç‡§∞‡•ç‡§Ø‡§æ‡§ö‡•Ä ‡§†‡•á‡§µ ‡§Ü‡§π‡•á,Harmful,Marathi
‡§≠‡•ã‡§∏‡§°‡•Ä‡§ö‡•ç‡§Ø‡§æ ‡§§‡•Å ‡§π‡§∞‡§æ‡§Æ‡•Ä ‡§Ü‡§π‡•á‡§∏,Harmful,Marathi
‡§§‡•Å ‡§≠‡§°‡§µ‡§æ ‡§Ü‡§π‡•á‡§∏ ‡§Æ‡•ç‡§π‡§£‡•Ç‡§® ‡§§‡•Å‡§ù‡•ç‡§Ø‡§æ‡§µ‡§∞ ‡§≠‡§∞‡•ã‡§∏‡§æ ‡§®‡§æ‡§π‡•Ä,Harmful,Marathi
‡§§‡•Å‡§ù‡§Ç ‡§§‡•ã‡§Ç‡§° ‡§ö‡•Å‡§§‡•Ä‡§∏‡§æ‡§∞‡§ñ‡§Ç ‡§Ü‡§π‡•á,Harmful,Marathi
‡§§‡•Å ‡§∞‡§æ‡§Ç‡§°‡§™‡§£‡§æ ‡§ï‡§∞‡§æ‡§Ø‡§≤‡§æ ‡§ú‡§®‡•ç‡§Æ‡§≤‡§æ‡§Ø‡§∏ ‡§ï‡§æ,Harmful,Marathi
‡§§‡•Å‡§ù‡•ç‡§Ø‡§æ ‡§¨‡§π‡§ø‡§£‡•Ä‡§ö‡•ç‡§Ø‡§æ ‡§ö‡•Å‡§§‡•Ä‡§§ ‡§≠‡§∏‡•ç‡§Æ ‡§ü‡§æ‡§ï,Harmful,Marathi
‡§´‡§æ‡§ü‡§ï‡•Ä ‡§ó‡§æ‡§Ç‡§° ‡§ò‡•á‡§ä‡§® ‡§ú‡§ó‡§§‡•ã‡§∏ ‡§ï‡§æ,Harmful,Marathi
‡§≠‡•ã‡§∏‡§°‡•Ä‡§ö‡•ç‡§Ø‡§æ ‡§§‡•Å ‡§≤‡•ã‡§ï‡§æ‡§Ç‡§ö‡•Ä ‡§•‡§ü‡•ç‡§ü‡§æ ‡§ï‡§∞‡§§‡•ã‡§∏,Harmful,Marathi
‡§§‡•Å ‡§π‡§∞‡§æ‡§Æ‡•Ä ‡§ï‡•Å‡§§‡•ç‡§∞‡§æ ‡§Ü‡§π‡•á‡§∏,Harmful,Marathi
‡§≠‡§°‡§µ‡•ç‡§Ø‡§æ ‡§§‡•Å‡§ù‡§Ç ‡§®‡§∂‡•Ä‡§¨ ‡§ï‡•Å‡§§‡•ç‡§∞‡•ç‡§Ø‡§æ‡§ö‡§Ç ‡§Ü‡§π‡•á,Harmful,Marathi
‡§≤‡§µ‡§°‡•ç‡§Ø‡§æ ‡§∏‡§æ‡§∞‡§ñ‡§Ç ‡§§‡•Å ‡§ú‡§ó‡§§‡•ã‡§∏,Harmful,Marathi
‡§§‡•Å ‡§∏‡§°‡§≤‡•á‡§≤‡§æ ‡§≠‡§°‡§µ‡§æ ‡§Ü‡§π‡•á‡§∏,Harmful,Marathi
‡§≠‡•ã‡§∏‡§°‡•Ä‡§ö‡•ç‡§Ø‡§æ ‡§§‡•Å ‡§®‡§æ‡§≤‡§æ‡§Ø‡§ï ‡§Æ‡§æ‡§£‡•Ç‡§∏ ‡§Ü‡§π‡•á‡§∏,Harmful,Marathi
‡§§‡•Å‡§ù‡•ç‡§Ø‡§æ ‡§Ü‡§à‡§ö‡•ç‡§Ø‡§æ ‡§ó‡§æ‡§Ç‡§°‡•Ä‡§≤‡§æ ‡§ò‡§æ‡§£ ‡§Ü‡§π‡•á,Harmful,Marathi
‡§≤‡§µ‡§°‡•ç‡§Ø‡§æ ‡§∏‡§æ‡§∞‡§ñ‡§Ç ‡§ï‡•Å‡§†‡§Ç‡§π‡•Ä ‡§´‡§∏‡§§‡•ã‡§∏,Harmful,Marathi
‡§§‡•Å ‡§≠‡§°‡§µ‡•ç‡§Ø‡§æ ‡§ò‡§∞‡§æ‡§§ ‡§ú‡§®‡•ç‡§Æ‡§≤‡§æ‡§Ø‡§∏,Harmful,Marathi
‡§§‡•Å ‡§∏‡§æ‡§≤‡§æ ‡§∞‡§æ‡§Ç‡§°‡§™‡§£‡§æ ‡§ï‡§∞‡§§‡•ã‡§∏,Harmful,Marathi
‡§§‡•Å ‡§ï‡•Å‡§§‡•ç‡§∞‡•ç‡§Ø‡§æ‡§ö‡•Ä ‡§ú‡§æ‡§§ ‡§Ü‡§π‡•á‡§∏,Harmful,Marathi
‡§≠‡•ã‡§∏‡§°‡•Ä‡§ö‡•ç‡§Ø‡§æ ‡§§‡•Å ‡§´‡§æ‡§ü‡§≤‡•á‡§≤‡•ç‡§Ø‡§æ ‡§≤‡•ã‡§ï‡§æ‡§Ç‡§§‡§≤‡§æ‡§ö ‡§Ü‡§π‡•á‡§∏,Harmful,Marathi
‡§§‡•Å ‡§π‡§∞‡§æ‡§Æ‡§ñ‡•ã‡§∞ ‡§Ü‡§π‡•á‡§∏,Harmful,Marathi
‡§§‡•Å‡§ù‡•ç‡§Ø‡§æ ‡§¨‡§π‡§ø‡§£‡•Ä‡§≤‡§æ ‡§ï‡§∏‡§≤‡§Ç ‡§§‡§∞‡•Ä ‡§´‡•Å‡§ï‡§ü ‡§Ü‡§Ø‡•Å‡§∑‡•ç‡§Ø,Harmful,Marathi
‡§≠‡§°‡§µ‡§æ ‡§§‡•Å ‡§ï‡§æ‡§Ø‡§Æ ‡§ó‡§π‡§æ‡§£ ‡§Ü‡§π‡•á‡§∏,Harmful,Marathi
‡§§‡•Å ‡§≤‡•ã‡§ï‡§æ‡§Ç‡§®‡§æ ‡§´‡§∏‡§µ‡§§‡•ã‡§∏ ‡§≠‡•ã‡§∏‡§°‡•Ä‡§ö‡•ç‡§Ø‡§æ,Harmful,Marathi
‡§§‡•Å‡§ù‡•Ä ‡§´‡§æ‡§ü‡§≤‡•á‡§≤‡•Ä ‡§ó‡§æ‡§Ç‡§° ‡§¶‡§æ‡§ñ‡§µ‡•Ç‡§® ‡§´‡§ø‡§∞‡§§‡•ã‡§∏,Harmful,Marathi
‡§§‡•Å ‡§≠‡•ã‡§∏‡§°‡•Ä‡§ö‡§æ ‡§µ‡§ø‡§ï‡•É‡§§ ‡§Ü‡§π‡•á‡§∏,Harmful,Marathi
‡§§‡•Å ‡§≠‡§°‡§µ‡§æ‡§ö‡§Ç ‡§™‡§ø‡§≤‡•ç‡§≤‡•Ç ‡§Ü‡§π‡•á‡§∏,Harmful,Marathi
‡§§‡•Å ‡§®‡§æ‡§≤‡§æ‡§Ø‡§ï ‡§ó‡§æ‡§Ç‡§°‡•Ç ‡§Ü‡§π‡•á‡§∏,Harmful,Marathi
‡§§‡•Å‡§ù‡•Ä ‡§¨‡§π‡§ø‡§£ ‡§≠‡•ã‡§∏‡§°‡•ç‡§Ø‡§æ‡§§ ‡§ó‡•á‡§≤‡•Ä ‡§Ü‡§π‡•á,Harmful,Marathi
‡§´‡•Å‡§ï‡§ü‡§ö‡§Ç ‡§§‡•Å‡§ù‡§Ç ‡§§‡•ã‡§Ç‡§° ‡§ö‡§æ‡§≤‡§§‡§Ç‡§Ø,Harmful,Marathi
‡§§‡•Å‡§ù‡•ç‡§Ø‡§æ ‡§¨‡§æ‡§™‡§æ‡§≤‡§æ ‡§≤‡§µ‡§°‡§æ ‡§´‡§æ‡§ü‡§≤‡§æ ‡§π‡•ã‡§§‡§æ ‡§ï‡§æ,Harmful,Marathi
‡§§‡•Å ‡§≠‡§°‡§µ‡•ç‡§Ø‡§æ ‡§∏‡§æ‡§∞‡§ñ‡§Ç ‡§¨‡•ã‡§≤‡§§‡•ã‡§∏,Harmful,Marathi
‡§§‡•Å‡§ù‡•Ä ‡§Ü‡§à ‡§≠‡•ã‡§∏‡§°‡•ç‡§Ø‡§æ‡§§ ‡§ó‡•á‡§≤‡•Ä ‡§π‡•ã‡§§‡•Ä,Harmful,Marathi
‡§≤‡§µ‡§°‡•ç‡§Ø‡§æ ‡§∏‡§æ‡§∞‡§ñ‡§Ç ‡§ú‡§ó‡§£‡§Ç ‡§§‡•Å‡§ù‡§Ç,Harmful,Marathi
‡§≠‡•ã‡§∏‡§°‡•Ä‡§ö‡•ç‡§Ø‡§æ ‡§§‡•Å ‡§´‡§∏‡§µ‡§æ ‡§Ü‡§π‡•á‡§∏,Harmful,Marathi
‡§§‡•Å ‡§∞‡§æ‡§Ç‡§°‡•ã‡§¨‡§æ ‡§Ü‡§π‡•á‡§∏ ‡§Æ‡•ç‡§π‡§£‡•Ç‡§® ‡§ï‡•Å‡§£‡•Ä ‡§ñ‡§æ‡§§‡§Ç ‡§®‡§æ‡§π‡•Ä,Harmful,Marathi
‡§§‡•Å ‡§≠‡•ã‡§∏‡§°‡•Ä‡§ö‡§æ ‡§Ü‡§µ‡§°‡§§‡§æ ‡§ó‡§æ‡§¢‡§µ ‡§Ü‡§π‡•á‡§∏,Harmful,Marathi
‡§§‡•Å‡§ù‡§Ç ‡§®‡§∂‡•Ä‡§¨ ‡§´‡•Å‡§ü‡§ï‡§Ç ‡§Ü‡§π‡•á,Harmful,Marathi
‡§§‡•Å ‡§¨‡§ï‡§µ‡§æ‡§∏ ‡§≤‡•ã‡§ï‡§æ‡§Ç‡§§‡§≤‡§æ‡§ö ‡§Ü‡§π‡•á‡§∏,Harmful,Marathi
‡§§‡•Å ‡§´‡•Å‡§ï‡§ü‡§ö‡§æ ‡§≤‡§µ‡§°‡•ç‡§Ø‡§æ ‡§Ü‡§π‡•á‡§∏,Harmful,Marathi
‡§§‡•Å‡§ù‡§Ç ‡§Ü‡§Ø‡•Å‡§∑‡•ç‡§Ø ‡§∞‡§æ‡§Ç‡§°‡§™‡§£‡§æ‡§§ ‡§ó‡•á‡§≤‡§Ç‡§Ø,Harmful,Marathi
‡§§‡•Å ‡§ï‡§æ‡§Ø‡§Æ‡§ö‡§Ç ‡§≠‡•ã‡§∏‡§°‡•Ä‡§ö‡§Ç ‡§§‡•ã‡§Ç‡§°,Harmful,Marathi
‡§§‡•Å ‡§ï‡•Å‡§§‡•ç‡§∞‡•ç‡§Ø‡§æ‡§ö‡§Ç ‡§ï‡§æ‡§Æ ‡§ï‡§∞‡§§‡•ã‡§∏,Harmful,Marathi
‡§§‡•Å‡§ù‡•Ä ‡§¨‡§π‡§ø‡§£ ‡§ï‡•Å‡§§‡•ç‡§∞‡•ç‡§Ø‡§æ‡§ö‡•ç‡§Ø‡§æ ‡§ó‡§æ‡§Ç‡§°‡•Ä‡§§ ‡§ó‡•á‡§≤‡•Ä ‡§ï‡§æ,Harmful,Marathi
‡§Ü‡§ú ‡§ñ‡•Ç‡§™ ‡§õ‡§æ‡§® ‡§¶‡§ø‡§µ‡§∏ ‡§Ü‡§π‡•á,Non-Harmful,Marathi
‡§Æ‡•Ä ‡§™‡•Å‡§∏‡•ç‡§§‡§ï‡§Ç ‡§µ‡§æ‡§ö‡§æ‡§Ø‡§≤‡§æ ‡§Ü‡§µ‡§°‡§§‡•ã,Non-Harmful,Marathi
‡§∏‡§ï‡§æ‡§≥‡•Ä ‡§ö‡§æ‡§≤‡§æ‡§Ø‡§≤‡§æ ‡§ú‡§æ‡§£‡§Ç ‡§Ü‡§∞‡•ã‡§ó‡•ç‡§Ø‡§æ‡§∏‡§æ‡§†‡•Ä ‡§ö‡§æ‡§Ç‡§ó‡§≤‡§Ç,Non-Harmful,Marathi
‡§Æ‡•Ä ‡§Æ‡§æ‡§ù‡•ç‡§Ø‡§æ ‡§Ü‡§à‡§¨‡§æ‡§¨‡§æ‡§Ç‡§µ‡§∞ ‡§™‡•ç‡§∞‡•á‡§Æ ‡§ï‡§∞‡§§‡•ã,Non-Harmful,Marathi
‡§Æ‡§ø‡§§‡•ç‡§∞‡§æ‡§Ç‡§∏‡•ã‡§¨‡§§ ‡§µ‡•á‡§≥ ‡§ò‡§æ‡§≤‡§µ‡§æ‡§Ø‡§≤‡§æ ‡§Æ‡§ú‡§æ ‡§Ø‡•á‡§§‡•á,Non-Harmful,Marathi
‡§â‡§¶‡•ç‡§Ø‡§æ ‡§∏‡•Å‡§ü‡•ç‡§ü‡•Ä ‡§Ö‡§∏‡§≤‡•ç‡§Ø‡§æ‡§Æ‡•Å‡§≥‡•á ‡§µ‡§ø‡§∂‡•ç‡§∞‡§æ‡§Ç‡§§‡•Ä ‡§ò‡•á‡§à‡§®,Non-Harmful,Marathi
‡§õ‡§æ‡§® ‡§π‡§µ‡§æ‡§Æ‡§æ‡§® ‡§Ü‡§π‡•á ‡§Ü‡§ú,Non-Harmful,Marathi
‡§∂‡§æ‡§≥‡•á‡§§ ‡§®‡§µ‡•Ä‡§® ‡§ï‡§æ‡§π‡•Ä‡§§‡§∞‡•Ä ‡§∂‡§ø‡§ï‡§æ‡§Ø‡§≤‡§æ ‡§Æ‡§ø‡§≥‡§§‡§Ç,Non-Harmful,Marathi
‡§ï‡§æ‡§Æ‡§æ‡§§ ‡§Æ‡§® ‡§≤‡§æ‡§µ‡§£‡•á ‡§ó‡§∞‡§ú‡•á‡§ö‡•á ‡§Ü‡§π‡•á,Non-Harmful,Marathi
‡§Æ‡•Ä ‡§Æ‡§æ‡§ù‡•ç‡§Ø‡§æ ‡§Æ‡§ø‡§§‡•ç‡§∞‡§æ‡§ö‡§æ ‡§µ‡§æ‡§¢‡§¶‡§ø‡§µ‡§∏ ‡§∏‡§æ‡§ú‡§∞‡§æ ‡§ï‡§∞‡§£‡§æ‡§∞ ‡§Ü‡§π‡•á,Non-Harmful,Marathi
‡§ö‡§æ‡§Ç‡§ó‡§≤‡§Ç ‡§ñ‡§æ‡§£‡§Ç ‡§Ü‡§∞‡•ã‡§ó‡•ç‡§Ø‡§æ‡§∏‡§æ‡§†‡•Ä ‡§´‡§æ‡§Ø‡§¶‡•ç‡§Ø‡§æ‡§ö‡§Ç ‡§Ö‡§∏‡§§‡§Ç,Non-Harmful,Marathi
‡§Ü‡§™‡§≤‡•á ‡§ò‡§∞ ‡§∏‡•ç‡§µ‡§ö‡•ç‡§õ ‡§†‡•á‡§µ‡§æ‡§Ø‡§≤‡§æ ‡§π‡§µ‡§Ç,Non-Harmful,Marathi
‡§µ‡§°‡§ø‡§≤‡§æ‡§Ç‡§ö‡•ç‡§Ø‡§æ ‡§∏‡§≤‡•ç‡§≤‡•ç‡§Ø‡§æ‡§®‡•á ‡§Ø‡§∂ ‡§Æ‡§ø‡§≥‡§§‡§Ç,Non-Harmful,Marathi
‡§Æ‡•à‡§§‡•ç‡§∞‡•Ä ‡§π‡•Ä ‡§Ü‡§Ø‡•Å‡§∑‡•ç‡§Ø‡§æ‡§ö‡§Ç ‡§Æ‡•ã‡§†‡§Ç ‡§µ‡§∞‡§¶‡§æ‡§® ‡§Ü‡§π‡•á,Non-Harmful,Marathi
‡§Æ‡§≤‡§æ ‡§Æ‡§æ‡§ù‡§Ç ‡§ó‡§æ‡§µ ‡§ñ‡•Ç‡§™ ‡§Ü‡§µ‡§°‡§§‡§Ç,Non-Harmful,Marathi
‡§â‡§¶‡•ç‡§Ø‡§æ ‡§Ü‡§Æ‡•ç‡§π‡•Ä ‡§™‡§ø‡§ï‡§®‡§ø‡§ï‡§≤‡§æ ‡§ú‡§æ‡§£‡§æ‡§∞ ‡§Ü‡§π‡•ã‡§§,Non-Harmful,Marathi
‡§Ü‡§à‡§®‡•á ‡§ï‡•á‡§≤‡•á‡§≤‡§Ç ‡§ú‡•á‡§µ‡§£ ‡§ñ‡•Ç‡§™ ‡§õ‡§æ‡§® ‡§Ö‡§∏‡§§‡§Ç,Non-Harmful,Marathi
‡§µ‡§æ‡§ö‡§®‡§æ‡§®‡•á ‡§ú‡•ç‡§û‡§æ‡§® ‡§µ‡§æ‡§¢‡§§‡§Ç,Non-Harmful,Marathi
‡§®‡§ø‡§∏‡§∞‡•ç‡§ó‡§æ‡§§ ‡§´‡§ø‡§∞‡§æ‡§Ø‡§≤‡§æ ‡§Æ‡§ú‡§æ ‡§Ø‡•á‡§§‡•á,Non-Harmful,Marathi
‡§ò‡§∞ ‡§∏‡•ç‡§µ‡§ö‡•ç‡§õ ‡§†‡•á‡§µ‡§æ ‡§Ü‡§£‡§ø ‡§Ü‡§∞‡•ã‡§ó‡•ç‡§Ø ‡§∏‡§æ‡§Ç‡§≠‡§æ‡§≥‡§æ,Non-Harmful,Marathi
‡§∏‡§ï‡§æ‡§≥‡•Ä ‡§â‡§†‡•Ç‡§® ‡§µ‡•ç‡§Ø‡§æ‡§Ø‡§æ‡§Æ ‡§ï‡§∞‡§§‡•ã,Non-Harmful,Marathi
‡§Ü‡§™‡§≤‡•ç‡§Ø‡§æ ‡§ï‡§æ‡§Æ‡§æ‡§µ‡§∞ ‡§µ‡§ø‡§∂‡•ç‡§µ‡§æ‡§∏ ‡§†‡•á‡§µ‡§æ,Non-Harmful,Marathi
‡§ï‡§∑‡•ç‡§ü ‡§ï‡•á‡§≤‡•ç‡§Ø‡§æ‡§∂‡§ø‡§µ‡§æ‡§Ø ‡§Ø‡§∂ ‡§Æ‡§ø‡§≥‡§§ ‡§®‡§æ‡§π‡•Ä,Non-Harmful,Marathi
‡§∂‡§ø‡§ï‡•ç‡§∑‡§£ ‡§π‡•á‡§ö ‡§ñ‡§∞‡§Ç ‡§ß‡§® ‡§Ü‡§π‡•á,Non-Harmful,Marathi
‡§Ü‡§™‡§≤‡•ç‡§Ø‡§æ‡§≤‡§æ ‡§∏‡§ó‡§≥‡•ç‡§Ø‡§æ‡§Ç‡§∂‡•Ä ‡§™‡•ç‡§∞‡•á‡§Æ‡§æ‡§®‡•á ‡§µ‡§æ‡§ó‡§æ‡§Ø‡§≤‡§æ ‡§π‡§µ‡§Ç,Non-Harmful,Marathi
‡§µ‡•á‡§≥‡•á‡§ö‡§æ ‡§Ø‡•ã‡§ó‡•ç‡§Ø ‡§µ‡§æ‡§™‡§∞ ‡§ï‡§∞‡§æ,Non-Harmful,Marathi
‡§π‡§∏‡§§‡§Æ‡•Å‡§ñ ‡§∞‡§æ‡§π‡§æ ‡§Ü‡§Ø‡•Å‡§∑‡•ç‡§Ø ‡§∏‡•Å‡§Ç‡§¶‡§∞ ‡§Ü‡§π‡•á,Non-Harmful,Marathi
‡§™‡§æ‡§µ‡§∏‡§æ‡§§ ‡§´‡§ø‡§∞‡§æ‡§Ø‡§≤‡§æ ‡§Æ‡§ú‡§æ ‡§Ø‡•á‡§§‡•á,Non-Harmful,Marathi
‡§∏‡•ç‡§µ‡§™‡•ç‡§®‡§Ç ‡§™‡§æ‡§π‡§æ ‡§Ü‡§£‡§ø ‡§§‡•Ä ‡§™‡•Ç‡§∞‡•ç‡§£ ‡§ï‡§∞‡§£‡•ç‡§Ø‡§æ‡§∏‡§æ‡§†‡•Ä ‡§™‡•ç‡§∞‡§Ø‡§§‡•ç‡§® ‡§ï‡§∞‡§æ,Non-Harmful,Marathi
‡§ó‡§∞‡§ú‡•Ç‡§Ç‡§®‡§æ ‡§Æ‡§¶‡§§ ‡§ï‡§∞‡§æ,Non-Harmful,Marathi
‡§Ü‡§™‡§£ ‡§®‡§ø‡§∏‡§∞‡•ç‡§ó‡§æ‡§ö‡§Ç ‡§∞‡§ï‡•ç‡§∑‡§£ ‡§ï‡•á‡§≤‡§Ç ‡§™‡§æ‡§π‡§ø‡§ú‡•á,Non-Harmful,Marathi
‡§ò‡§∞‡§æ‡§§‡•Ä‡§≤ ‡§µ‡•É‡§¶‡•ç‡§ß‡§æ‡§Ç‡§ö‡•Ä ‡§ï‡§æ‡§≥‡§ú‡•Ä ‡§ò‡•ç‡§Ø‡§æ,Non-Harmful,Marathi
‡§Æ‡•Å‡§≤‡§æ‡§Ç‡§®‡§æ ‡§ö‡§æ‡§Ç‡§ó‡§≤‡•ç‡§Ø‡§æ ‡§∏‡§µ‡§Ø‡•Ä ‡§≤‡§æ‡§µ‡§æ,Non-Harmful,Marathi
‡§ù‡§æ‡§°‡§Ç ‡§≤‡§æ‡§µ‡§æ ‡§ù‡§æ‡§°‡§Ç ‡§µ‡§æ‡§¢‡§µ‡§æ,Non-Harmful,Marathi
‡§´‡§≥‡§Ç ‡§Ü‡§£‡§ø ‡§≠‡§æ‡§ú‡•ç‡§Ø‡§æ ‡§ñ‡§æ‡§£‡§Ç ‡§Ü‡§∞‡•ã‡§ó‡•ç‡§Ø‡§æ‡§∏‡§æ‡§†‡•Ä ‡§ö‡§æ‡§Ç‡§ó‡§≤‡§Ç ‡§Ü‡§π‡•á,Non-Harmful,Marathi
‡§™‡§æ‡§£‡•ç‡§Ø‡§æ‡§ö‡§æ ‡§Ö‡§™‡§µ‡•ç‡§Ø‡§Ø ‡§ü‡§æ‡§≥‡§æ,Non-Harmful,Marathi
‡§™‡•ç‡§∞‡§§‡•ç‡§Ø‡•á‡§ï ‡§¶‡§ø‡§µ‡§∏ ‡§®‡§µ‡•ç‡§Ø‡§æ ‡§∏‡§Ç‡§ß‡•Ä ‡§ò‡•á‡§ä‡§® ‡§Ø‡•á‡§§‡•ã,Non-Harmful,Marathi
‡§Ü‡§™‡§≤‡•ç‡§Ø‡§æ ‡§Æ‡§ø‡§§‡•ç‡§∞‡§æ‡§Ç‡§®‡§æ ‡§Æ‡§¶‡§§ ‡§ï‡§∞‡§æ,Non-Harmful,Marathi
‡§∏‡§ß‡•ç‡§Ø‡§æ ‡§ò‡§∞‡§æ‡§§ ‡§∞‡§æ‡§π‡§£‡§Ç ‡§∏‡•Å‡§∞‡§ï‡•ç‡§∑‡§ø‡§§ ‡§Ü‡§π‡•á,Non-Harmful,Marathi
‡§µ‡•á‡§≥‡•á‡§µ‡§∞ ‡§ï‡§æ‡§Æ ‡§™‡•Ç‡§∞‡•ç‡§£ ‡§ï‡§∞‡§æ,Non-Harmful,Marathi
‡§∞‡•ã‡§ú ‡§ï‡§æ‡§π‡•Ä‡§§‡§∞‡•Ä ‡§®‡§µ‡•Ä‡§® ‡§∂‡§ø‡§ï‡§æ,Non-Harmful,Marathi
‡§∏‡•ç‡§µ‡§ö‡•ç‡§õ‡§§‡•á‡§ö‡•Ä ‡§ï‡§æ‡§≥‡§ú‡•Ä ‡§ò‡•ç‡§Ø‡§æ,Non-Harmful,Marathi
‡§®‡§ø‡§∏‡§∞‡•ç‡§ó‡§æ‡§ö‡§æ ‡§Ü‡§®‡§Ç‡§¶ ‡§ò‡•ç‡§Ø‡§æ,Non-Harmful,Marathi
‡§Ü‡§à‡§µ‡§°‡§ø‡§≤‡§æ‡§Ç‡§ö‡§æ ‡§Ü‡§¶‡§∞ ‡§ï‡§∞‡§æ,Non-Harmful,Marathi
‡§Æ‡§®‡§æ‡§™‡§æ‡§∏‡•Ç‡§® ‡§ï‡•á‡§≤‡•á‡§≤‡•ç‡§Ø‡§æ ‡§™‡•ç‡§∞‡§Ø‡§§‡•ç‡§®‡§æ‡§≤‡§æ ‡§Ø‡§∂ ‡§Æ‡§ø‡§≥‡§§‡§Ç,Non-Harmful,Marathi
‡§§‡•Å‡§Æ‡§ö‡§Ç ‡§ß‡•ç‡§Ø‡•á‡§Ø ‡§†‡§∞‡§µ‡§æ ‡§Ü‡§£‡§ø ‡§§‡•ç‡§Ø‡§æ‡§µ‡§∞ ‡§ï‡§æ‡§Æ ‡§ï‡§∞‡§æ,Non-Harmful,Marathi
‡§ò‡§∞‡§ó‡•Å‡§§‡•Ä ‡§ï‡§æ‡§Æ‡§æ‡§§ ‡§∏‡§ó‡§≥‡•ç‡§Ø‡§æ‡§Ç‡§®‡•Ä ‡§Æ‡§¶‡§§ ‡§ï‡§∞‡§æ‡§µ‡•Ä,Non-Harmful,Marathi
‡§ò‡§∞‡§æ‡§§ ‡§Ü‡§®‡§Ç‡§¶‡§æ‡§ö‡§Ç ‡§µ‡§æ‡§§‡§æ‡§µ‡§∞‡§£ ‡§†‡•á‡§µ‡§æ,Non-Harmful,Marathi
‡§Æ‡§ø‡§§‡•ç‡§∞‡§æ‡§Ç‡§∏‡•ã‡§¨‡§§ ‡§ñ‡•á‡§≥‡§§‡§æ‡§®‡§æ ‡§Æ‡§ú‡§æ ‡§Ø‡•á‡§§‡•á,Non-Harmful,Marathi
‡§ö‡§æ‡§Ç‡§ó‡§≤‡•ç‡§Ø‡§æ ‡§µ‡§ø‡§ö‡§æ‡§∞‡§æ‡§Ç‡§®‡•Ä ‡§ö‡§æ‡§Ç‡§ó‡§≤‡§Ç ‡§Ü‡§Ø‡•Å‡§∑‡•ç‡§Ø ‡§ú‡§ó‡§§‡§æ ‡§Ø‡•á‡§§‡§Ç,Non-Harmful,Marathi
